horizon,source,target,weighted_selection_frequency,weighted_sign_stability,weighted_mean_strength,latest_strength,strength_retention,n_contributions,weighted_mean_loss_improvement,contribution_hit_rate,contribution_t_stat,survival_score
1,pw_panama_canal_capacity_z,brent,0.030270926236191535,1.0,0.0045894084555890505,0.010269577939555886,2.2376691983145323,120,5.147424361275563e-06,0.595776755580483,1.2693252746987354,0.016989692006554695
1,pw_suez_canal_n_total_z,eurusd,0.10729225465151573,1.0,0.026604172941838283,0.018064169746527376,0.678997606353674,100,8.930072720466648e-08,0.5063063180646468,0.1518585774122837,0.005520932799646221
1,pw_bab_el_mandeb_strait_n_total_z,brlusd,0.014883343595761423,1.0,0.02323060154660209,0.01142053913715965,0.491616160444632,20,7.299777871669418e-07,0.5628520253748077,0.2975076876560203,0.0010804582220867811
1,pw_malacca_strait_n_total_z,brent,0.010362484091385321,1.0,0.006896035417871907,0.006996965654668096,1.0146359800494376,40,5.426676074222917e-07,0.48485306260263855,0.08443378869045692,0.00043721218406895363
1,pw_malacca_strait_capacity_z,sp500,0.4650615556994817,1.0,0.035233402746997114,0.0,0.0,400,-2.0452680076892974e-06,0.4890417246531404,-1.4613467689800794,0.0
1,pw_strait_of_hormuz_capacity_z,brent,0.44398558047311143,0.6495385380294099,0.048590042470632006,0.04015477893308278,0.8263993380403499,200,-3.0654875414113634e-06,0.5295572844490295,-0.07572225015577996,0.0
1,pw_strait_of_hormuz_n_total_z,us2y,0.3116343601940163,1.0,0.03034567803664415,0.0,0.0,420,-1.9483603563992818e-05,0.5034092600103206,-0.43547636559443637,0.0
1,pw_strait_of_hormuz_n_total_z,us10y,0.3116343601940163,1.0,0.04001606311697425,0.0,0.0,420,-6.949839956343594e-05,0.4994804765587314,-1.3269900879441192,0.0
1,pw_strait_of_hormuz_capacity_z,us10y,0.2903779359680703,1.0,0.03035861968853133,0.0,0.0,380,-2.990190667634497e-05,0.48880078134502997,-0.8291731326096677,0.0
1,pw_strait_of_hormuz_capacity_z,krwusd,0.23699266355705084,0.9817556338189468,0.029915723250394783,0.0,0.0,240,-3.568871141890947e-07,0.4215856075371303,-1.0389885875606448,0.0
1,pw_strait_of_hormuz_capacity_z,us2y,0.22281707117053856,0.9554188552731601,0.031049131571830212,0.005371666901703916,0.1730053830741418,340,-4.633804187276169e-05,0.4079468107956246,-1.2478314316802714,0.0
1,pw_malacca_strait_n_total_z,us10y,0.20288095125920655,1.0,0.025709632376317484,0.0,0.0,340,-1.9779565469689087e-05,0.4589665717428082,-0.4209776305968543,0.0
1,pw_malacca_strait_capacity_z,brlusd,0.18863147152945695,1.0,0.028260942777452416,0.0,0.0,220,-4.3487654110541324e-07,0.48539656777924195,-0.5853416497061901,0.0
1,pw_strait_of_hormuz_n_total_z,brent,0.18465709123494375,0.9608484267305405,0.020532909521382994,0.0,0.0,300,-4.1663362118492644e-06,0.4894748755367662,-1.2867580322021672,0.0
1,pw_malacca_strait_capacity_z,krwusd,0.18133603955368938,1.0,0.030512663474631135,0.001243916818826278,0.040767231607312694,340,-4.0244295133036287e-07,0.41316729098239313,-0.6004352776971711,0.0
1,pw_malacca_strait_capacity_z,cnyusd,0.15725090282711554,1.0,0.025193244813663404,0.0003027086032334179,0.012015467061600804,320,-1.4474147859016478e-08,0.47139430708643304,-0.30673955555136573,0.0
1,pw_cape_of_good_hope_capacity_z,sp500,0.13612146731807356,1.0,0.04111722892846517,0.0016782243423563957,0.040815599350727955,300,-1.3068671455422337e-06,0.4475077142289876,-0.473597496176259,0.0
1,pw_cape_of_good_hope_capacity_z,wti,0.11765625590402431,1.0,0.022784245649477744,0.0,0.0,280,0.0009017347368937535,0.4692157090051613,0.023470370446774212,0.0
1,pw_strait_of_hormuz_n_total_z,audusd,0.10107843680609499,1.0,0.012728369395001434,0.0,0.0,260,-5.069605772399304e-07,0.47695992825509254,-0.9090838439341281,0.0
1,pw_malacca_strait_capacity_z,vix,0.09426765251245818,1.0,0.026748921025738157,0.0,0.0,240,-0.09249295673384482,0.4268235525932344,-2.091947529121615,0.0
1,pw_malacca_strait_n_total_z,eurusd,0.09193861048890352,0.5654051055410381,0.020389541539836315,0.008003827666081641,0.39254573970896134,220,-1.7591350232388763e-07,0.49295053682358303,-0.674384748441324,0.0
1,pw_strait_of_hormuz_n_total_z,eurusd,0.08802156059917755,1.0,0.014852667074512918,0.0,0.0,240,-5.030865716085431e-07,0.42586536082497517,-1.5340466849361865,0.0
1,pw_bab_el_mandeb_strait_n_total_z,henry_hub,0.08619509321033357,1.0,0.02523339474465008,0.008518744872337738,0.3375980504622297,240,-0.0022422801421116936,0.3692753796639087,-3.5268028428202594,0.0
1,pw_cape_of_good_hope_capacity_z,audusd,0.08619509321033357,1.0,0.013624321877931073,0.0,0.0,240,-5.231554438749798e-07,0.4996200408411215,-1.087061814805972,0.0
1,pw_cape_of_good_hope_n_total_z,vix,0.08619509321033357,1.0,0.008457616380341112,0.0,0.0,240,-0.006935098378157663,0.5528264401593396,-0.19139838920794666,0.0
1,pw_cape_of_good_hope_n_total_z,sp500,0.07706518570823602,1.0,0.007722719803112108,0.0,0.0,160,-3.1519716687095826e-06,0.49558172032505343,-1.7180417212544097,0.0
1,pw_cape_of_good_hope_capacity_z,henry_hub,0.07313821700341613,1.0,0.009992997424429337,0.0,0.0,220,-0.00021243436341499203,0.43586282526952547,-1.6866452699699424,0.0
1,pw_panama_canal_capacity_z,cnyusd,0.07313821700341613,1.0,0.015044075141023322,0.0,0.0,220,-6.317359231574816e-08,0.39634027531913857,-0.8228233212152526,0.0
1,pw_suez_canal_capacity_z,sp500,0.07127984677355668,1.0,0.008497001751239424,0.005164712421890575,0.6078276282733752,200,-1.3711654084864624e-06,0.41646086948049965,-1.0366733679238167,0.0
1,pw_strait_of_hormuz_n_total_z,cnyusd,0.06616810267732946,1.0,0.007555029999013792,0.0,0.0,200,-3.58831962601743e-08,0.45052973298210647,-1.044925694290759,0.0
1,pw_strait_of_hormuz_capacity_z,wti,0.06479672474576502,1.0,0.02044518936643182,0.02173623236917517,1.06314654169274,20,-0.2914270525531065,0.49891779296846045,-0.1783610419515579,0.0
1,pw_cape_of_good_hope_capacity_z,vix,0.061815232874934484,1.0,0.008437182318941009,0.0,0.0,200,-0.005509785670240877,0.46879474335609195,-0.23424058509762347,0.0
1,pw_malacca_strait_n_total_z,audusd,0.061815232874934484,0.5540384233744994,0.009497115267039793,0.004849448542703558,0.5106233215399425,200,-5.422874517525617e-07,0.44332194999024865,-1.283538005952086,0.0
1,pw_panama_canal_capacity_z,eurusd,0.061815232874934484,1.0,0.009236490512649995,0.007049275248802683,0.7631984506613444,200,-2.758777472787732e-07,0.4492998607459101,-0.8524802168665093,0.0
1,pw_strait_of_hormuz_capacity_z,henry_hub,0.061815232874934484,1.0,0.007964916400272094,0.0,0.0,200,-1.642893759289085e-05,0.5100144741163272,-0.07544185695959167,0.0
1,pw_suez_canal_n_total_z,henry_hub,0.061815232874934484,1.0,0.006061085881215165,0.0,0.0,200,-6.936297947609277e-05,0.4559015699512645,-0.8206459937241962,0.0
1,pw_malacca_strait_n_total_z,vix,0.06139080166667938,1.0,0.009512556064848618,0.0,0.0,180,-0.04785591351880768,0.5414942430954262,-0.8990728083663712,0.0
1,pw_bab_el_mandeb_strait_capacity_z,audusd,0.05842286310963584,1.0,0.019505808472134886,0.019400191913463313,0.9945853790770861,180,-4.859678778185703e-07,0.4611035861688391,-1.8824397974583458,0.0
1,pw_malacca_strait_n_total_z,henry_hub,0.05823971683197489,0.7728733897765645,0.006275571101721548,0.0,0.0,140,-0.00015199665861946493,0.46133736217063015,-1.2715134117733844,0.0
1,pw_strait_of_hormuz_n_total_z,sp500,0.05699918749390095,1.0,0.006890532494568027,0.0,0.0,180,-1.0444657628483768e-06,0.42836431265957364,-1.0940656586302016,0.0
1,pw_malacca_strait_n_total_z,sp500,0.05415175368474715,1.0,0.005517726270928912,0.0,0.0,140,-1.0108700900463768e-06,0.501751024379565,-1.1635495334505872,0.0
1,pw_cape_of_good_hope_capacity_z,brlusd,0.05296554382537965,0.7453572681136151,0.02043776504194791,0.01647513871948226,0.8061125414480264,180,-1.4555121353767717e-07,0.45996682663389316,-0.34561829297965063,0.0
1,pw_cape_of_good_hope_capacity_z,eurusd,0.05188179277747013,1.0,0.009812497422776881,0.0,0.0,180,-2.7890402332282747e-07,0.4962641490372343,-1.4938743526718385,0.0
1,pw_cape_of_good_hope_n_total_z,cnyusd,0.05188179277747013,1.0,0.00584255556474004,0.0,0.0,180,-2.5635762580408074e-08,0.5075005360469224,-0.4053545547228862,0.0
1,pw_panama_canal_capacity_z,krwusd,0.05188179277747013,1.0,0.008578179098017738,0.0,0.0,180,-5.728021231756973e-07,0.43077526068840477,-1.2259210712462676,0.0
1,pw_strait_of_hormuz_n_total_z,henry_hub,0.04846790070309711,0.7081979775029641,0.03394765829077818,0.028775682871668457,0.8476485366145364,80,-2.596755738506628e-05,0.4583910049588835,-0.15786062052159405,0.0
1,pw_strait_of_hormuz_capacity_z,vix,0.04465217714025997,0.8770554864288028,0.007754692621808796,0.0,0.0,140,-0.030725088448469582,0.452104602024245,-1.3248071262513763,0.0
1,pw_suez_canal_n_total_z,sp500,0.04396334533649464,1.0,0.004601106885415233,0.0,0.0,100,-9.99356585479765e-07,0.525452016459339,-0.5923023750346126,0.0
1,pw_cape_of_good_hope_n_total_z,us2y,0.04393666066677991,1.0,0.01639909859451796,0.0,0.0,160,-1.7767160518693116e-05,0.4865222562993105,-0.3455775866877715,0.0
1,pw_cape_of_good_hope_n_total_z,us10y,0.04393666066677991,0.5024842165728501,0.005153116271317974,0.0,0.0,160,-2.981114397634481e-05,0.49734639856145907,-1.21157658223853,0.0
1,pw_cape_of_good_hope_capacity_z,brent,0.0430321037279153,1.0,0.006316046031736399,0.0,0.0,160,-5.179298493993689e-06,0.5109764289029789,-1.357002087778029,0.0
1,pw_cape_of_good_hope_n_total_z,brlusd,0.0430321037279153,1.0,0.006753551780050881,0.0,0.0,160,-7.094707510028585e-07,0.48388711155619213,-0.7921910837677085,0.0
1,pw_malacca_strait_capacity_z,henry_hub,0.0430321037279153,1.0,0.018234717029172957,0.014043300865970419,0.7701408715859496,160,-0.00028488063823311555,0.44099343187776063,-1.6105185977176195,0.0
1,pw_malacca_strait_capacity_z,audusd,0.04300020088689982,0.6193170818560371,0.010196653099161363,0.0008441472593433118,0.08278669982533188,140,-8.685788855854439e-07,0.3530695300501912,-1.495841487237461,0.0
1,pw_malacca_strait_n_total_z,us2y,0.042178628525739226,0.8116313311173272,0.005613335533017294,0.0,0.0,120,-4.206580765890492e-05,0.518718900805545,-0.5053566445982534,0.0
1,pw_strait_of_hormuz_n_total_z,krwusd,0.039639733962616656,1.0,0.006251085157390988,0.0,0.0,140,-6.848812252090572e-08,0.5278317388221824,-0.2424623472881698,0.0
1,pw_cape_of_good_hope_n_total_z,eurusd,0.03696654634069324,1.0,0.025283165928577312,0.0288918420767931,1.1427303905851813,140,-3.064258060687384e-07,0.48570487015053854,-1.730162164990741,0.0
1,pw_malacca_strait_capacity_z,eurusd,0.03099740749653935,1.0,0.0040005096098287875,0.0,0.0,80,-1.3948131845633455e-06,0.41585968463842765,-1.4142206111834215,0.0
1,pw_strait_of_hormuz_n_total_z,vix,0.028116857291138407,1.0,0.0036674446164163548,0.0,0.0,120,0.007055522464351513,0.5108290994348066,0.3791814804404439,0.0
1,pw_malacca_strait_n_total_z,cnyusd,0.023764935486331733,1.0,0.01690091850948517,0.01786718149016676,1.0571722170093478,60,-1.3940033880153883e-07,0.49079236493624995,-0.9966857490275458,0.0
1,pw_panama_canal_n_total_z,us2y,0.02185918215280585,1.0,0.0023282504272340797,0.0,0.0,100,-0.00011175349267350685,0.36492043964128945,-2.0240380474222373,0.0
1,pw_panama_canal_n_total_z,us10y,0.02185918215280585,1.0,0.010330344067551676,0.0,0.0,100,-0.00011449646012125113,0.336816492278102,-1.6628766277775946,0.0
1,pw_suez_canal_n_total_z,us2y,0.021172921575109454,1.0,0.0042753568259725145,0.0,0.0,60,2.8655617784728626e-05,0.5120899870974153,0.5688128289600193,0.0
1,pw_malacca_strait_capacity_z,wti,0.020403085622922947,1.0,0.006453347140431733,0.0,0.0,80,-0.08690243205938929,0.3522045894993027,-1.5612630290452427,0.0
1,pw_cape_of_good_hope_n_total_z,audusd,0.018783129147019188,1.0,0.003352824865437238,0.0,0.0,40,-1.1727888016645977e-06,0.35046305787710397,-1.6359954777516041,0.0
1,pw_malacca_strait_capacity_z,us2y,0.017989515366746322,0.5080640656994287,0.01902977871508015,0.0,0.0,60,-3.867872003845459e-05,0.46122938485852716,-0.8338764439617941,0.0
1,pw_strait_of_hormuz_capacity_z,eurusd,0.016812724326885846,0.673477058704558,0.010660663469978852,0.0036201506823819152,0.3395802421281287,40,-4.107097617386285e-07,0.5142835692205393,-0.8199413299623782,0.0
1,pw_suez_canal_n_total_z,us10y,0.01657781909792932,1.0,0.005583197796681675,0.004339867393093454,0.7773085516821232,20,-5.047490815556376e-05,0.5018159446569417,-0.18873548191241446,0.0
1,pw_malacca_strait_capacity_z,us10y,0.016369441954401653,1.0,0.004153966729043467,0.0,0.0,80,-0.0004544771761871129,0.37305180449180386,-2.455383608730905,0.0
1,pw_bab_el_mandeb_strait_capacity_z,brlusd,0.01365076700647366,1.0,0.00364957780804352,0.0,0.0,60,-2.923302013585547e-07,0.505526185020405,-0.9087582568809758,0.0
1,pw_cape_of_good_hope_n_total_z,henry_hub,0.01365076700647366,0.7188988816458619,0.0025159488138449433,0.0,0.0,60,-1.8420210173670717e-05,0.45961285623919307,-0.7095277396285241,0.0
1,pw_strait_of_hormuz_n_total_z,brlusd,0.01348729077554272,1.0,0.007131966527035563,0.0,0.0,60,-5.770993362481135e-07,0.5188393407275861,-0.7098309977166838,0.0
1,pw_strait_of_hormuz_capacity_z,audusd,0.012532196082490137,0.7293076374667935,0.013798923087745201,0.0,0.0,60,-1.1774043010241417e-06,0.42803891596680865,-0.9387095785179677,0.0
1,pw_suez_canal_capacity_z,audusd,0.012045661018243704,1.0,0.0011507275913569773,0.0,0.0,60,-1.869653734160123e-07,0.48330022624624847,-0.19795675483410113,0.0
1,pw_bab_el_mandeb_strait_n_total_z,krwusd,0.011553396573368112,1.0,0.0016059337874211308,0.0,0.0,60,-1.2599367992678327e-08,0.6248465589756873,-0.060846641394006966,0.0
1,pw_cape_of_good_hope_n_total_z,krwusd,0.011553396573368112,0.6678685919293378,0.0015748741603537327,0.0,0.0,60,-1.0089422816601864e-07,0.4515150039292459,-0.7777560028918392,0.0
1,pw_cape_of_good_hope_n_total_z,wti,0.011553396573368112,1.0,0.0014436079108444053,0.0,0.0,60,-0.020139849661209016,0.4850462597224692,-0.8621281133971082,0.0
1,pw_malacca_strait_capacity_z,brent,0.011553396573368112,1.0,0.012608336250725645,0.017309946686617977,1.3728969740652135,60,-1.7052526661126503e-05,0.4341078856834925,-1.7610135263079623,0.0
1,pw_suez_canal_n_total_z,krwusd,0.011553396573368112,1.0,0.0012725454809515543,0.0,0.0,60,-3.9009672306783474e-07,0.3797448244894614,-0.912300741543518,0.0
1,pw_strait_of_hormuz_capacity_z,sp500,0.009139826317191485,1.0,0.004011974400108749,0.0,0.0,40,-2.4479252914863673e-07,0.4388764277439526,-0.12144638203581845,0.0
1,pw_cape_of_good_hope_capacity_z,us10y,0.008849689049554837,1.0,0.0024318104458276517,0.0,0.0,20,5.115516930971686e-05,0.4961053822773229,1.0602941344174595,0.0
1,pw_panama_canal_capacity_z,brlusd,0.007716150701456598,1.0,0.0018780908970945829,0.0,0.0,40,-1.2101798885242247e-07,0.48215371525259854,-0.22489953186723013,0.0
1,pw_bab_el_mandeb_strait_capacity_z,sp500,0.007229615637210166,1.0,0.0012238988350032,0.0,0.0,40,-1.143406211142151e-06,0.4613553970034963,-1.084704703706211,0.0
1,pw_bab_el_mandeb_strait_capacity_z,vix,0.007229615637210166,1.0,0.0008954671637037278,0.0,0.0,40,0.0006936680803215846,0.45705816331355986,0.053763272775963905,0.0
1,pw_bab_el_mandeb_strait_n_total_z,sp500,0.007229615637210166,0.5307676181513113,0.0008136475271914641,0.0,0.0,40,2.0003799009847216e-07,0.522315828597659,0.518553065474338,0.0
1,pw_malacca_strait_n_total_z,krwusd,0.007229615637210166,1.0,0.005104276743786111,0.0,0.0,40,-1.8105441459027603e-06,0.43964437725654215,-0.8002144121345197,0.0
1,pw_suez_canal_capacity_z,vix,0.007229615637210166,1.0,0.0012529007522623422,0.0,0.0,40,-0.017387696566681994,0.4716850342597923,-0.6399090194993278,0.0
1,pw_panama_canal_capacity_z,sp500,0.006970114326086669,1.0,0.001041641550655318,0.0,0.0,20,-3.5154829088520625e-06,0.4117623469107129,-1.31814728513236,0.0
1,pw_malacca_strait_n_total_z,wti,0.004816045381033539,1.0,0.00233976077374365,0.0045177202437698466,1.9308470739687762,20,-0.05222388999401554,0.2976441063369481,-1.213521053161194,0.0
1,pw_panama_canal_n_total_z,cnyusd,0.004816045381033539,1.0,0.0012861708345746786,0.0,0.0,20,3.08205149697183e-08,0.6432479795466962,0.9067779624145302,0.0
1,pw_bab_el_mandeb_strait_capacity_z,us10y,0.004323780936157947,1.0,0.0010603281927901167,0.0,0.0,20,-2.174216910964626e-06,0.44398230221730495,-0.11473464118667828,0.0
1,pw_strait_of_hormuz_n_total_z,wti,0.004323780936157947,1.0,0.01058429086473353,0.0012333118184491706,0.11652285771534497,20,-0.07188931601220856,0.5065179684090633,-1.3659304308544338,0.0
1,pw_bab_el_mandeb_strait_n_total_z,cnyusd,0.0033923697652986514,1.0,0.0006532179151331856,0.0,0.0,20,-2.599978974269917e-07,0.24808209753362986,-1.6078949048626292,0.0
1,pw_bab_el_mandeb_strait_n_total_z,wti,0.0033923697652986514,1.0,0.002003902658020876,0.0,0.0,20,0.03346357039898491,0.4995400419647984,0.4039887670364692,0.0
1,pw_cape_of_good_hope_capacity_z,us2y,0.0033923697652986514,1.0,0.0016412081892044892,0.0,0.0,20,-0.00028313265458441224,0.3026173698934102,-1.225154444065174,0.0
1,pw_malacca_strait_n_total_z,brlusd,0.0033923697652986514,1.0,0.008811590740834587,0.020229888884826925,2.295827107706872,20,-2.8254112192649356e-06,0.3531256015395472,-1.3442394425976625,0.0
1,pw_bab_el_mandeb_strait_capacity_z,cnyusd,0.0,,0.0,0.0,0.0,0,,,,0.0
1,pw_bab_el_mandeb_strait_capacity_z,krwusd,0.0,,9.688679268676159e-06,0.0,0.0,0,,,,0.0
1,pw_bab_el_mandeb_strait_capacity_z,eurusd,0.0,,0.0015595600289489478,0.0,0.0,0,,,,0.0
1,pw_bab_el_mandeb_strait_capacity_z,us2y,0.0,,1.945785519654956e-06,0.0,0.0,0,,,,0.0
1,pw_bab_el_mandeb_strait_capacity_z,wti,0.0,,0.0,0.0,0.0,0,,,,0.0
1,pw_bab_el_mandeb_strait_capacity_z,brent,0.0,,0.0,0.0,0.0,0,,,,0.0
1,pw_bab_el_mandeb_strait_capacity_z,henry_hub,0.0,,0.0017216223257694933,0.0,0.0,0,,,,0.0
1,pw_bab_el_mandeb_strait_n_total_z,audusd,0.0,,0.0001512770025743104,0.0,0.0,0,,,,0.0
1,pw_bab_el_mandeb_strait_n_total_z,eurusd,0.0,,0.0002212039768630096,0.0,0.0,0,,,,0.0
1,pw_bab_el_mandeb_strait_n_total_z,vix,0.0,,0.0,0.0,0.0,0,,,,0.0
1,pw_bab_el_mandeb_strait_n_total_z,us2y,0.0,,9.829053472284669e-05,0.0,0.0,0,,,,0.0
1,pw_bab_el_mandeb_strait_n_total_z,us10y,0.0,,0.015265798876046274,0.0,0.0,0,,,,0.0
1,pw_bab_el_mandeb_strait_n_total_z,brent,0.0,,0.0006199301720803926,0.0,0.0,0,,,,0.0
1,pw_cape_of_good_hope_capacity_z,cnyusd,0.0,,0.012919784426440007,0.01708088205307771,1.3220717536216877,0,,,,0.0
1,pw_cape_of_good_hope_capacity_z,krwusd,0.0,,0.0005779307159113011,0.0,0.0,0,,,,0.0
1,pw_cape_of_good_hope_n_total_z,brent,0.0,,3.216088977876111e-05,0.0,0.0,0,,,,0.0
1,pw_panama_canal_capacity_z,audusd,0.0,,0.0004703657255533347,0.00399633917069702,8.496238041145018,0,,,,0.0
1,pw_panama_canal_capacity_z,vix,0.0,,0.0006380950261862726,0.0,0.0,0,,,,0.0
1,pw_panama_canal_capacity_z,us2y,0.0,,0.00015546619238462805,0.0,0.0,0,,,,0.0
1,pw_panama_canal_capacity_z,us10y,0.0,,9.982280214392907e-05,0.0,0.0,0,,,,0.0
1,pw_panama_canal_capacity_z,wti,0.0,,0.0011762884051704074,0.0,0.0,0,,,,0.0
1,pw_panama_canal_capacity_z,henry_hub,0.0,,0.012886275371475625,0.008059912189472315,0.6254648420220251,0,,,,0.0
1,pw_panama_canal_n_total_z,audusd,0.0,,0.0025295420481526803,0.0,0.0,0,,,,0.0
1,pw_panama_canal_n_total_z,brlusd,0.0,,0.00024289527201920848,0.0,0.0,0,,,,0.0
1,pw_panama_canal_n_total_z,krwusd,0.0,,0.0,0.0,0.0,0,,,,0.0
1,pw_panama_canal_n_total_z,eurusd,0.0,,0.0,0.0,0.0,0,,,,0.0
1,pw_panama_canal_n_total_z,sp500,0.0,,0.0036696908053243985,0.008360391504670436,2.2782277712716947,0,,,,0.0
1,pw_panama_canal_n_total_z,vix,0.0,,0.00033077748796836795,0.0,0.0,0,,,,0.0
1,pw_panama_canal_n_total_z,wti,0.0,,0.0,0.0,0.0,0,,,,0.0
1,pw_panama_canal_n_total_z,brent,0.0,,0.0,0.0,0.0,0,,,,0.0
1,pw_panama_canal_n_total_z,henry_hub,0.0,,0.0,0.0,0.0,0,,,,0.0
1,pw_strait_of_hormuz_capacity_z,brlusd,0.0,,0.0015414815854338877,0.0020926755393850076,1.3575741411117621,0,,,,0.0
1,pw_strait_of_hormuz_capacity_z,cnyusd,0.0,,0.00257888311034581,0.0,0.0,0,,,,0.0
1,pw_suez_canal_capacity_z,brlusd,0.0,,0.00012445770245565123,0.0,0.0,0,,,,0.0
1,pw_suez_canal_capacity_z,cnyusd,0.0,,0.0,0.0,0.0,0,,,,0.0
1,pw_suez_canal_capacity_z,krwusd,0.0,,0.0,0.0,0.0,0,,,,0.0
1,pw_suez_canal_capacity_z,eurusd,0.0,,5.220568660880464e-05,0.0,0.0,0,,,,0.0
1,pw_suez_canal_capacity_z,us2y,0.0,,0.0002500262911332566,0.0,0.0,0,,,,0.0
1,pw_suez_canal_capacity_z,us10y,0.0,,0.0004894566293313958,0.0,0.0,0,,,,0.0
1,pw_suez_canal_capacity_z,wti,0.0,,0.0,0.0,0.0,0,,,,0.0
1,pw_suez_canal_capacity_z,brent,0.0,,0.0024520823434941003,0.0,0.0,0,,,,0.0
1,pw_suez_canal_capacity_z,henry_hub,0.0,,0.0004921522538783509,0.0,0.0,0,,,,0.0
1,pw_suez_canal_n_total_z,audusd,0.0,,0.014017987077236421,0.010409647773516148,0.7425921935981953,0,,,,0.0
1,pw_suez_canal_n_total_z,brlusd,0.0,,0.003157080267457612,0.009054810530411031,2.868096393919957,0,,,,0.0
1,pw_suez_canal_n_total_z,cnyusd,0.0,,0.0003758040743973571,0.0,0.0,0,,,,0.0
1,pw_suez_canal_n_total_z,vix,0.0,,0.0001816145392405509,0.0,0.0,0,,,,0.0
1,pw_suez_canal_n_total_z,wti,0.0,,0.0001239387125937485,0.0,0.0,0,,,,0.0
1,pw_suez_canal_n_total_z,brent,0.0,,0.0002686516668630281,0.0,0.0,0,,,,0.0
5,pw_panama_canal_n_total_z,audusd,0.38025767919778464,1.0,0.043910933719234664,0.0858002902210122,1.9539618713101605,65,5.398294243785552e-06,0.6828852813887186,3.545523984622266,0.3589295409211045
5,pw_malacca_strait_n_total_z,wti,0.7518692255239197,1.0,0.09601884370629454,0.10882484931954853,1.1333697128495464,345,0.3002706808219747,0.4650906157601229,0.6511101694478197,0.23647880082326733
5,pw_malacca_strait_capacity_z,brent,0.30564855039442784,0.9573979819293369,0.03761076083679495,0.04958253772451379,1.3183072243517802,180,0.00011511408883612088,0.525441322248258,2.1472233516205748,0.23141495461434353
5,pw_strait_of_hormuz_capacity_z,brent,0.9204600143328859,0.9845825207644786,0.09027653198662079,0.08309714121522159,0.9204733432553301,525,6.67500788920125e-05,0.5984445791368069,0.4389701667882316,0.18020911776472215
5,pw_cape_of_good_hope_capacity_z,cnyusd,0.9900327472958188,0.9591269371316049,0.12784443762453826,0.1072958027810555,0.8392684482383871,545,1.1282945877472864e-07,0.5751162392019523,0.45919584557285476,0.17982732712579164
5,pw_strait_of_hormuz_n_total_z,wti,0.5527633074212587,0.5218389472513881,0.05517424593536277,0.0848361278384003,1.5376037569736205,245,0.21126023826389348,0.6038393609827417,1.332419198834251,0.16801864780442785
5,pw_malacca_strait_n_total_z,brent,0.5495663487906516,0.9063742084136168,0.06477627287613273,0.08529973561179673,1.316836116442044,265,5.20104533685612e-05,0.5489752932012357,0.5490719990301338,0.13341478272477822
5,pw_panama_canal_capacity_z,audusd,0.26041723698046965,1.0,0.031627991647577076,0.03349845958200997,1.0591396366634676,200,1.2237187595094361e-06,0.505914469205352,0.7248975208481753,0.09046091242582924
5,pw_panama_canal_capacity_z,sp500,0.4002294894743481,1.0,0.03164648281255872,0.06275775790298704,1.9830879240103738,265,1.843566212699346e-06,0.4800441539061136,0.2682787661639038,0.05336683695704496
5,pw_suez_canal_capacity_z,sp500,0.3649062993013701,1.0,0.05210361475683926,0.03957343219240273,0.7595141407575415,320,7.124928135008452e-07,0.42977791944331933,0.07427471710152486,0.010287945199731498
5,pw_strait_of_hormuz_capacity_z,brlusd,0.01381756024297432,1.0,0.011389177690394619,0.02690351596199957,2.362200037030716,40,1.1254367359116035e-05,0.4117122412628478,1.361636635904572,0.008180702160656413
5,pw_bab_el_mandeb_strait_n_total_z,brlusd,1.0,1.0,0.14492324904161388,0.13801772099516246,0.9523504469288531,565,-2.340975328089983e-06,0.4867047407673583,-0.6319786117640233,0.0
5,pw_malacca_strait_capacity_z,cnyusd,1.0,1.0,0.16150164158243208,0.09032556750451412,0.559285754742072,565,-8.398985169711328e-07,0.45321857280721994,-2.1500381898403256,0.0
5,pw_malacca_strait_n_total_z,cnyusd,1.0,0.9731807579564538,0.11663967108484732,0.07258015501859806,0.6222595995302576,565,-1.5151681746536026e-07,0.499543180906789,-1.1009481867638498,0.0
5,pw_malacca_strait_n_total_z,eurusd,1.0,0.9732465807358562,0.13643062309465095,0.07811076382173789,0.572531020162147,565,-2.3410948982391693e-06,0.4880190220852401,-1.511759417481229,0.0
5,pw_malacca_strait_n_total_z,us10y,1.0,1.0,0.16721904246549218,0.06181274683256076,0.3696513621964832,565,-0.0012903008284806915,0.40346181492396777,-3.5509218245266227,0.0
5,pw_strait_of_hormuz_capacity_z,us2y,1.0,0.9944915731810007,0.1266673967825203,0.07292991436070372,0.5757591630774543,565,-0.0007810378707162754,0.4522288278162637,-1.3735846759966428,0.0
5,pw_strait_of_hormuz_n_total_z,henry_hub,1.0,0.5382916844174015,0.08593957848623139,0.07086907582767489,0.8246383921818864,565,-0.0003182603967738956,0.47477092517962977,-1.0067099805810422,0.0
5,pw_malacca_strait_capacity_z,us2y,0.9961496924612068,0.6516136711062619,0.12661548245065277,0.057030223557256995,0.45042061565799435,545,-0.0004177462001598158,0.4340580798124583,-2.311904344324432,0.0
5,pw_panama_canal_n_total_z,us10y,0.9850339833006653,1.0,0.11663005500389141,0.053528561985808666,0.4589602738678522,525,-0.00017350999109430533,0.4648551210678879,-1.0343637225994802,0.0
5,pw_panama_canal_n_total_z,cnyusd,0.9548253913110465,1.0,0.0720701949142022,0.05924604663126628,0.8220603080343718,465,-1.6252940870694916e-08,0.5672381513653003,-0.17047153630181544,0.0
5,pw_malacca_strait_capacity_z,us10y,0.9425205766198885,1.0,0.08578379096922224,0.0720252202272723,0.8396133979799717,545,-1.532572545203848e-05,0.5125860978181496,-0.09493714290202288,0.0
5,pw_bab_el_mandeb_strait_n_total_z,us10y,0.9326330524845291,1.0,0.10527288163380426,0.10303729833958988,0.9787639203988836,445,-0.00016558278012007116,0.4216407833265976,-1.6389832977241665,0.0
5,pw_malacca_strait_capacity_z,brlusd,0.9171315253519116,1.0,0.09959519809566066,0.0649172525991227,0.651811069613718,545,-1.4479636087738273e-05,0.4866837199473348,-2.358430998559438,0.0
5,pw_malacca_strait_n_total_z,krwusd,0.8009548762433154,1.0,0.08865746667034069,0.05889566200300294,0.6643057174416849,525,-2.016700939346923e-06,0.48533188653429404,-0.7551865280687773,0.0
5,pw_strait_of_hormuz_capacity_z,wti,0.6934120569650272,0.8873780057078596,0.06475183644566034,0.059486985272943174,0.9186918632472236,285,-0.7017208474551336,0.4927876124307139,-0.5629569636832228,0.0
5,pw_cape_of_good_hope_n_total_z,us2y,0.6828550875778413,1.0,0.09818354860607235,0.027756595975674377,0.28270108760316,520,-0.00013831340590251764,0.45478706186368484,-0.7477406836139011,0.0
5,pw_cape_of_good_hope_n_total_z,us10y,0.6828550875778413,1.0,0.08247966510667776,0.0,0.0,520,-0.00014165137856521562,0.35867959639362484,-0.5836111030543205,0.0
5,pw_strait_of_hormuz_capacity_z,us10y,0.6780226487775289,0.732230739034331,0.0824256054630672,0.036232480495589324,0.4395779720638409,500,-0.00035136767510783525,0.47237773262987676,-0.9062965788892539,0.0
5,pw_cape_of_good_hope_capacity_z,sp500,0.599986612929753,1.0,0.07705276805928388,0.01929830143229454,0.25045565420111265,500,-6.913023907666343e-08,0.5011413638466469,-0.008480023303795577,0.0
5,pw_malacca_strait_capacity_z,krwusd,0.599986612929753,1.0,0.1462620363363067,0.02024429316779801,0.13841112618758722,500,-1.699307323329867e-05,0.45376519930463627,-3.2029579957462486,0.0
5,pw_malacca_strait_capacity_z,vix,0.599986612929753,0.8884341751701229,0.08046523944409142,0.0,0.0,500,-1.3906865797288288,0.40209378572347504,-3.5606658006106278,0.0
5,pw_suez_canal_n_total_z,audusd,0.599986612929753,1.0,0.07373656047702537,0.0,0.0,500,-1.3082541821871024e-06,0.5320545539726497,-0.3103878008437044,0.0
5,pw_bab_el_mandeb_strait_capacity_z,eurusd,0.5957711077975129,1.0,0.09469294081539548,0.1543190599268216,1.6296786074863558,125,-1.4175791844306348e-06,0.45497952460374047,-1.7450510028438388,0.0
5,pw_malacca_strait_capacity_z,sp500,0.5833523643097366,1.0,0.09578517697556696,0.00281078502988919,0.029344676479599447,480,-9.28403333440403e-05,0.39651517438380596,-4.778080205216327,0.0
5,pw_panama_canal_n_total_z,us2y,0.5761407835728825,1.0,0.0539171614962874,0.0,0.0,440,-4.3027852678439025e-05,0.5027763900490886,-0.38097288961070386,0.0
5,pw_panama_canal_capacity_z,cnyusd,0.5425071895496416,1.0,0.05704434817571013,0.0,0.0,480,-2.670713885308685e-07,0.4211464721083265,-1.3099672931778295,0.0
5,pw_bab_el_mandeb_strait_capacity_z,wti,0.5331942834692814,1.0,0.08077371237182501,0.059978890795081466,0.7425545890348718,345,-0.6595960402491047,0.422814634279331,-1.3079989920948676,0.0
5,pw_cape_of_good_hope_capacity_z,wti,0.5267256030084487,1.0,0.06420849006008132,0.0,0.0,480,0.03244183708508491,0.46867616570955517,0.21068461620495357,0.0
5,pw_cape_of_good_hope_n_total_z,wti,0.5267256030084487,1.0,0.05319750245960718,0.0,0.0,480,-0.15565385227759343,0.542440145984509,-1.1240913477330547,0.0
5,pw_suez_canal_n_total_z,eurusd,0.5267256030084487,1.0,0.10588486233229477,0.0,0.0,480,-1.7719755270623878e-06,0.4524050925758027,-0.5351609942186749,0.0
5,pw_strait_of_hormuz_n_total_z,sp500,0.5146662180061456,1.0,0.0508368272305316,0.054913041041206055,1.08018230154667,325,-1.0711568291417693e-05,0.4827522668309105,-0.9391205920514527,0.0
5,pw_strait_of_hormuz_n_total_z,brlusd,0.5086929584140536,1.0,0.0520944634240466,0.08154440199752744,1.5653180134280233,145,-1.4678541569248921e-05,0.3845375218733143,-2.8681353259928986,0.0
5,pw_bab_el_mandeb_strait_capacity_z,brent,0.508336344370886,1.0,0.05978696842165178,0.0,0.0,440,-7.446521530883706e-05,0.36258196561904515,-1.6448102533946736,0.0
5,pw_bab_el_mandeb_strait_capacity_z,audusd,0.49423273708474247,1.0,0.052323536602688916,0.12304427521315027,2.351604711804343,165,-1.4313212312486321e-06,0.6084125595965666,-0.8817560712902297,0.0
5,pw_panama_canal_capacity_z,krwusd,0.4833702795167863,0.7168195128078101,0.07750857558870267,0.07545255877091689,0.973473685948043,425,-5.835945305504954e-07,0.5489885079045808,-0.36600511768075095,0.0
5,pw_bab_el_mandeb_strait_capacity_z,krwusd,0.4562467993465857,1.0,0.04498736062120941,0.08081149215734293,1.796315477090784,165,-5.165324258881765e-07,0.5039823595807791,-0.45605146081750403,0.0
5,pw_panama_canal_n_total_z,wti,0.4130538385937436,1.0,0.04975080281129256,0.0,0.0,300,-0.2126932823536222,0.4710252716319648,-2.1435563885792748,0.0
5,pw_malacca_strait_n_total_z,us2y,0.4091580223620146,1.0,0.03920697052915264,0.0,0.0,420,-0.0003671484355026958,0.501183760718145,-1.9873096649291015,0.0
5,pw_bab_el_mandeb_strait_capacity_z,henry_hub,0.4042288922024872,1.0,0.08374836915867417,0.0,0.0,440,-0.004550341134396398,0.4314602384215561,-2.1916296237108286,0.0
5,pw_cape_of_good_hope_capacity_z,henry_hub,0.4042288922024872,1.0,0.04040332821934423,0.0,0.0,440,-0.0007433653799291567,0.48940724816629333,-1.668952933890654,0.0
5,pw_strait_of_hormuz_capacity_z,henry_hub,0.4042288922024872,1.0,0.053098192593327216,0.0,0.0,440,0.0011273347097088791,0.5277365794392086,1.3936089487124874,0.0
5,pw_strait_of_hormuz_n_total_z,krwusd,0.30929122061420156,1.0,0.06971833954405077,0.0,0.0,400,-6.080159324992424e-06,0.4507850211963978,-2.0009782388465602,0.0
5,pw_strait_of_hormuz_n_total_z,eurusd,0.30929122061420156,1.0,0.07506994079261682,0.0,0.0,400,-6.4827373308688986e-06,0.4380446759073051,-2.4479447521630937,0.0
5,pw_strait_of_hormuz_n_total_z,us10y,0.30929122061420156,1.0,0.05737733797971704,0.0,0.0,400,-0.0006916669517787547,0.5634308217459594,-1.5464157673050218,0.0
5,pw_suez_canal_n_total_z,us2y,0.2865846723363217,1.0,0.040806324155078524,0.0,0.0,340,0.0002599543038692292,0.5321617327221189,0.6710300433335248,0.0
5,pw_suez_canal_n_total_z,wti,0.27390377475773725,1.0,0.044534800144591845,0.0,0.0,280,-1.334957293792085,0.26921336774113047,-2.9076800461310155,0.0
5,pw_strait_of_hormuz_n_total_z,audusd,0.2703328192630265,1.0,0.0658272007807411,0.0,0.0,380,-1.0518953110881905e-05,0.3901993475844781,-1.7245132478690717,0.0
5,pw_cape_of_good_hope_capacity_z,brent,0.26427916463388235,1.0,0.02299531902568745,0.0,0.0,320,4.738375857812453e-05,0.5542240673464987,1.8339636040406266,0.0
5,pw_suez_canal_capacity_z,cnyusd,0.25715202946028765,0.9850271158782054,0.02672536573754881,0.0,0.0,200,-5.995266448984317e-07,0.29821229613040506,-3.9899205473752204,0.0
5,pw_strait_of_hormuz_capacity_z,vix,0.2504877874275495,0.9807078866002195,0.0305552465041418,0.009290825565202103,0.30406645758667733,300,-0.8525096712515097,0.4337369934026923,-3.063582314140398,0.0
5,pw_malacca_strait_capacity_z,henry_hub,0.2444121977161206,1.0,0.02917892971311459,0.026458461887837324,0.906766017395952,220,-0.0018730880157739717,0.39201381287068016,-2.6511674975396184,0.0
5,pw_malacca_strait_n_total_z,brlusd,0.20721798293948213,0.7578163820079884,0.026601245145264615,0.012743433795059655,0.47905403395480384,280,-4.844758804645481e-06,0.5015690732179608,-1.4996724387830465,0.0
5,pw_strait_of_hormuz_n_total_z,us2y,0.2056760509088613,1.0,0.02254098602556497,0.0,0.0,340,-1.231623277440912e-05,0.4830817331625794,-0.06831971251912733,0.0
5,pw_panama_canal_n_total_z,brent,0.2050052852058996,1.0,0.01848031413896661,0.0,0.0,160,4.355203319248701e-06,0.5143701439153695,0.3756848394874539,0.0
5,pw_bab_el_mandeb_strait_n_total_z,brent,0.17945872205972388,1.0,0.012882044200507918,0.0,0.0,180,-0.0001334764607788973,0.38007166077791854,-3.0196032466716596,0.0
5,pw_suez_canal_n_total_z,brent,0.17610129484595607,1.0,0.019900420452322456,0.0,0.0,240,-0.00030744595730500176,0.1996279703130434,-3.2222790088072153,0.0
5,pw_panama_canal_capacity_z,henry_hub,0.16509753939070054,1.0,0.026369065570982484,0.020906102396349355,0.7928268197472731,100,-0.00016440320664953148,0.45594235224080204,-0.5587942061365441,0.0
5,pw_malacca_strait_capacity_z,eurusd,0.1508883200508898,1.0,0.020587974484604348,0.0,0.0,240,-1.2113344265659558e-06,0.5115950298313708,-0.6025302901607457,0.0
5,pw_strait_of_hormuz_capacity_z,sp500,0.14080110504224444,1.0,0.017624403191603074,0.0,0.0,140,-2.8680247049399126e-05,0.3600916436083152,-4.100550478428317,0.0
5,pw_strait_of_hormuz_capacity_z,krwusd,0.1388157871942743,0.5859302134009569,0.022280717203603084,0.0,0.0,120,1.3044843060596953e-06,0.4586167370075889,0.5616746102999031,0.0
5,pw_cape_of_good_hope_capacity_z,audusd,0.13318089639903433,0.9674240161661707,0.02647919902945356,0.0,0.0,280,-8.002202050931547e-06,0.4565546079376441,-1.8426321364006755,0.0
5,pw_cape_of_good_hope_capacity_z,brlusd,0.13318089639903433,1.0,0.01673891284907193,0.0,0.0,280,-1.781581751385851e-05,0.4305531398282289,-3.117576368310084,0.0
5,pw_malacca_strait_capacity_z,wti,0.13318089639903433,1.0,0.014481730133303783,0.006898442497259025,0.47635485772481057,280,-0.11628264684932488,0.4865753178042496,-0.9461585274955012,0.0
5,pw_suez_canal_n_total_z,henry_hub,0.13318089639903433,1.0,0.046981619685852315,0.0,0.0,280,-0.020363065250029608,0.3155815708518721,-3.4930949977328583,0.0
5,pw_cape_of_good_hope_n_total_z,sp500,0.1146528309358985,1.0,0.02423981818801484,0.0,0.0,260,-0.00012119316700460279,0.3979672979340108,-5.179263669994445,0.0
5,pw_malacca_strait_n_total_z,audusd,0.1146528309358985,1.0,0.032564577249113366,0.0,0.0,260,-1.580794956513424e-05,0.4116263714648455,-3.1526820459994664,0.0
5,pw_malacca_strait_n_total_z,sp500,0.1146528309358985,1.0,0.021492965349535,0.0,0.0,260,-9.558527853966822e-06,0.5316268861944219,-0.8367185825633733,0.0
5,pw_malacca_strait_n_total_z,vix,0.1146528309358985,1.0,0.022493672883033416,0.0,0.0,260,-0.6610759966240777,0.46333459987758824,-1.9085422063195638,0.0
5,pw_panama_canal_capacity_z,eurusd,0.1146528309358985,1.0,0.03071014768589324,0.0026819166879143677,0.08732998340956565,260,-3.521829870604524e-06,0.4828080380489472,-1.135282426234697,0.0
5,pw_strait_of_hormuz_n_total_z,cnyusd,0.1146528309358985,1.0,0.045411811331057685,0.03280744297737054,0.7224429507601061,260,-1.8776383545946104e-06,0.40024723061928624,-3.4261358458340028,0.0
5,pw_suez_canal_n_total_z,us10y,0.10163158586872308,1.0,0.009907308486020292,0.0,0.0,200,0.0008983576337214947,0.5464215698336587,1.2793066515270464,0.0
5,pw_strait_of_hormuz_n_total_z,vix,0.10138001517258342,1.0,0.0194821983427367,0.02244998454527746,1.1523332300765332,220,-0.4920043492212231,0.5559590165594818,-1.164008597701664,0.0
5,pw_cape_of_good_hope_capacity_z,eurusd,0.09801858231588217,1.0,0.023010274200264587,0.0,0.0,240,-9.977481438497163e-06,0.42191159299084446,-4.210134727494421,0.0
5,pw_cape_of_good_hope_capacity_z,us10y,0.09801858231588217,1.0,0.03140924558311312,0.03292465497768031,1.0482472395128755,240,-0.0016378325806477067,0.390527284649434,-3.970220676093362,0.0
5,pw_cape_of_good_hope_n_total_z,vix,0.09801858231588217,0.9286478150136216,0.014692862063328416,0.0,0.0,240,-0.5851005555198463,0.43421213384576374,-2.442925752541569,0.0
5,pw_suez_canal_n_total_z,sp500,0.08982977604901912,1.0,0.017492636953178698,0.0,0.0,200,-0.00013532432463653584,0.4183763556717908,-4.8357222529704424,0.0
5,pw_malacca_strait_n_total_z,henry_hub,0.08623117975107318,0.5724623676671076,0.022960223149469963,0.011104663922039928,0.4836479092450057,200,-0.003473389391302168,0.5031202163885501,-2.2189475861231296,0.0
5,pw_strait_of_hormuz_capacity_z,audusd,0.08381679107200705,1.0,0.01960279849446798,0.0001297199823377617,0.0066174216081632126,200,-3.3954596697405796e-06,0.5465562844719489,-0.7142208574016148,0.0
5,pw_bab_el_mandeb_strait_n_total_z,henry_hub,0.08308457705218938,1.0,0.04072688885723348,0.01722760149434746,0.42300313079985424,220,-0.06293139542618471,0.29206709559401095,-4.943218024362118,0.0
5,pw_cape_of_good_hope_n_total_z,cnyusd,0.08308457705218938,1.0,0.018910116149676765,0.0,0.0,220,-2.4610996604131235e-07,0.4171068590440425,-0.30924920374762405,0.0
5,pw_suez_canal_n_total_z,brlusd,0.08308457705218938,0.8402493430883354,0.01662474785433172,0.0,0.0,220,5.972675030561367e-06,0.5302448325196043,2.033655958923418,0.0
5,pw_panama_canal_n_total_z,eurusd,0.08305256561654749,1.0,0.009361457396392428,0.0,0.0,200,-4.754252651933261e-06,0.45557323881955264,-2.5582582935347067,0.0
5,pw_cape_of_good_hope_n_total_z,henry_hub,0.07311732434800829,1.0,0.009243559751741863,0.0,0.0,200,-0.00021876311021113684,0.5134929363263242,-0.15655073679949663,0.0
5,pw_bab_el_mandeb_strait_n_total_z,sp500,0.07006333198501397,1.0,0.00996369112444967,0.0,0.0,160,-1.5065610941135085e-05,0.4386466941969155,-1.295704283621521,0.0
5,pw_panama_canal_capacity_z,brent,0.06623258771282432,0.6875998082230832,0.009177920207494908,0.0,0.0,180,-7.800964816657153e-05,0.34132819744945314,-5.017451740374085,0.0
5,pw_malacca_strait_capacity_z,audusd,0.06599101879183074,1.0,0.017251233805056797,0.0,0.0,100,-5.557015477944369e-06,0.46569989520408894,-1.7269127343035626,0.0
5,pw_strait_of_hormuz_n_total_z,brent,0.06447482950193846,1.0,0.007418293326762339,0.0038710171575826752,0.5218204494041155,180,-2.2699021896441204e-05,0.5048256382970044,-0.9874092201344772,0.0
5,pw_cape_of_good_hope_capacity_z,krwusd,0.05862172969303601,0.9259916288586547,0.01028693981157473,0.0,0.0,180,-1.2533884228875252e-06,0.5074623792226869,-0.7683403100341785,0.0
5,pw_cape_of_good_hope_n_total_z,brlusd,0.05862172969303601,1.0,0.01338779636980812,0.0,0.0,180,-5.299344447801165e-07,0.5785612802604638,-0.05994962513225822,0.0
5,pw_cape_of_good_hope_n_total_z,krwusd,0.05513239694149278,1.0,0.005739442237020662,0.0,0.0,120,-2.404099947369567e-06,0.4544760045884962,-1.0183295418227443,0.0
5,pw_bab_el_mandeb_strait_n_total_z,cnyusd,0.048519882153753933,1.0,0.004146317706211053,0.0,0.0,80,-1.5688790239515896e-06,0.41989625268122216,-1.1529014107814464,0.0
5,pw_panama_canal_n_total_z,vix,0.0484924464084331,1.0,0.006645547396483273,0.0,0.0,140,-0.7993122524144256,0.4319015954133493,-3.114261492412818,0.0
5,pw_cape_of_good_hope_n_total_z,eurusd,0.04534891392972092,1.0,0.0046066022358522895,0.0,0.0,140,-2.0079761735357673e-06,0.41926492421278233,-1.6439307080631476,0.0
5,pw_cape_of_good_hope_capacity_z,us2y,0.04382203818854252,1.0,0.00939510715299395,0.0,0.0,140,-0.0005369630190731291,0.424815711979755,-1.5454726367603708,0.0
5,pw_strait_of_hormuz_capacity_z,cnyusd,0.04252573550254484,0.7105123458908212,0.013768984923822078,0.0,0.0,60,-3.6059897853831367e-07,0.20586330913171896,-1.9658747749294405,0.0
5,pw_suez_canal_capacity_z,henry_hub,0.04240227674516378,1.0,0.0037517381723875037,0.0,0.0,80,0.004175132210398734,0.6393324290001127,1.6628135850279688,0.0
5,pw_bab_el_mandeb_strait_n_total_z,eurusd,0.03977466433131912,1.0,0.004522825322616085,0.0,0.0,140,4.646380583766383e-08,0.5242400760629385,0.0771490312308243,0.0
5,pw_bab_el_mandeb_strait_capacity_z,brlusd,0.03748976228077522,0.7815722008175475,0.0032305776242057354,0.0,0.0,100,-8.432605611997349e-06,0.48227784847601624,-1.7474237084637376,0.0
5,pw_bab_el_mandeb_strait_n_total_z,vix,0.03737673724789164,0.6516216763165988,0.006169461146120466,0.0,0.0,120,-0.1760986027789117,0.48462484582678356,-1.9470887939095254,0.0
5,pw_bab_el_mandeb_strait_capacity_z,sp500,0.03516231408315215,1.0,0.0035526109813422964,0.0,0.0,40,-2.109854193188338e-05,0.38939840419901667,-0.408189507922417,0.0
5,pw_bab_el_mandeb_strait_capacity_z,vix,0.03516231408315215,1.0,0.007883668559784129,0.0,0.0,40,-0.7844556585673398,0.36592407647590985,-0.6182585305679086,0.0
5,pw_panama_canal_n_total_z,brlusd,0.031802487649489834,1.0,0.006972630763823621,0.0,0.0,120,8.113017300397358e-06,0.6332618085658884,0.671171895098231,0.0
5,pw_suez_canal_capacity_z,eurusd,0.029655493687191753,1.0,0.003270399426610038,0.0,0.0,80,-1.53247815116558e-05,0.4096156643077083,-3.627663900609194,0.0
5,pw_suez_canal_capacity_z,vix,0.026294060830490504,0.7340144581473182,0.002920141255421344,0.0,0.0,100,0.18892678510442126,0.7051092883041873,3.452304673225621,0.0
5,pw_bab_el_mandeb_strait_capacity_z,us2y,0.024808647631984444,1.0,0.002662707661321286,0.0,0.0,100,-0.0005126132552412138,0.36592410928061575,-3.7672692329553312,0.0
5,pw_cape_of_good_hope_capacity_z,vix,0.024808647631984444,1.0,0.008871814622093323,0.0,0.0,100,0.27971355094176004,0.597947965591784,1.734089602929833,0.0
5,pw_bab_el_mandeb_strait_n_total_z,wti,0.02263155012110762,1.0,0.00838611552555493,0.0,0.0,80,0.35506458329647367,0.6389294431212298,3.5819518135392094,0.0
5,pw_suez_canal_n_total_z,vix,0.019380296477061295,1.0,0.0024918312255496518,0.0,0.0,40,-1.4812299747319562,0.2335084617938406,-3.3355588790832313,0.0
5,pw_suez_canal_capacity_z,brent,0.019300220812985113,1.0,0.007199289426462196,0.01960888144451862,2.7237245626551543,80,-1.6862448156668912e-05,0.5380698583559704,-0.5883995256749103,0.0
5,pw_strait_of_hormuz_capacity_z,eurusd,0.01852967188617476,1.0,0.027017052646176435,0.03400369462226284,1.2586011904253807,80,-1.9483541840113192e-05,0.5059545269184272,-2.469182190393296,0.0
5,pw_panama_canal_capacity_z,us10y,0.016619841365121388,1.0,0.001882508747702227,0.0,0.0,60,-0.0036310669047722216,0.4001873169758392,-3.3560073126557834,0.0
5,pw_panama_canal_capacity_z,brlusd,0.014679364347381542,0.6247503169316793,0.007145758712110358,0.013439552489066586,1.8807733412954104,60,-9.577068904651988e-06,0.348246064700484,-3.8151678837252163,0.0
5,pw_suez_canal_capacity_z,brlusd,0.013218311385605615,1.0,0.0015496228297810393,0.0,0.0,40,5.776271433439722e-06,0.760277158288026,2.2660452335079886,0.0
5,pw_bab_el_mandeb_strait_n_total_z,krwusd,0.01302124506717543,1.0,0.0011462651428218351,0.0,0.0,60,5.333159642151367e-07,0.5447746873915362,0.9301036971107168,0.0
5,pw_panama_canal_capacity_z,us2y,0.011787402564809014,1.0,0.0012144144422598154,0.0,0.0,40,-0.005131224977460412,0.15657803048560331,-4.253727449023455,0.0
5,pw_panama_canal_capacity_z,vix,0.01084414755629861,1.0,0.0018517869619110146,0.0,0.0,40,-3.034693331959621,0.3004093568925486,-3.660680544188116,0.0
5,pw_panama_canal_capacity_z,wti,0.009170937528382212,1.0,0.001699540655525046,0.0,0.0,40,-0.5717707635170091,0.31972830975604516,-3.7123068517749016,0.0
5,pw_suez_canal_capacity_z,us10y,0.008682746339105592,1.0,0.0010819545207139604,0.0,0.0,40,-4.19656993939082e-05,0.4515402890054376,-0.10172233656391373,0.0
5,pw_cape_of_good_hope_n_total_z,audusd,0.008188806266863056,1.0,0.0010613928913537245,0.0,0.0,40,4.15641927692383e-07,0.5075246785664033,0.21461782257843348,0.0
5,pw_suez_canal_n_total_z,krwusd,0.008188806266863056,1.0,0.0008956301318118611,0.0,0.0,40,-1.1452506301668e-06,0.41571069672703903,-1.0847359157645484,0.0
5,pw_suez_canal_n_total_z,cnyusd,0.006278975745809683,1.0,0.0005854073799465113,0.0,0.0,20,7.119866958784702e-07,0.6513831043397932,2.392277538788929,0.0
5,pw_suez_canal_capacity_z,wti,0.0038503075387932182,1.0,0.0015560699528707235,0.0,0.0,20,0.05251145547674787,0.6042648641255803,0.38696674476666976,0.0
5,pw_bab_el_mandeb_strait_capacity_z,cnyusd,0.0,,0.0005199679957695108,0.0,0.0,0,,,,0.0
5,pw_bab_el_mandeb_strait_capacity_z,us10y,0.0,,0.0,0.0,0.0,0,,,,0.0
5,pw_bab_el_mandeb_strait_n_total_z,audusd,0.0,,0.00023302777179656073,0.0,0.0,0,,,,0.0
5,pw_bab_el_mandeb_strait_n_total_z,us2y,0.0,,0.0002329325535180489,0.0,0.0,0,,,,0.0
5,pw_cape_of_good_hope_n_total_z,brent,0.0,,0.0020646899096508115,0.0,0.0,0,,,,0.0
5,pw_panama_canal_n_total_z,krwusd,0.0,,0.003881763218973875,0.007278598776263719,1.8750754143597097,0,,,,0.0
5,pw_panama_canal_n_total_z,sp500,0.0,,0.001892459300930055,0.0,0.0,0,,,,0.0
5,pw_panama_canal_n_total_z,henry_hub,0.0,,0.012365574800194588,0.02261505800317089,1.828872362877544,0,,,,0.0
5,pw_suez_canal_capacity_z,audusd,0.0,,0.0,0.0,0.0,0,,,,0.0
5,pw_suez_canal_capacity_z,krwusd,0.0,,1.7134449125084043e-06,0.0,0.0,0,,,,0.0
5,pw_suez_canal_capacity_z,us2y,0.0,,0.00010132702581774596,0.0,0.0,0,,,,0.0
10,pw_malacca_strait_capacity_z,brent,0.9928801743495355,0.9771418459589735,0.13154108019166869,0.13482103056088884,1.024934798805369,540,0.0005682922701504377,0.5096295647136897,3.3530910903193063,0.9046117473427129
10,pw_panama_canal_n_total_z,audusd,0.8951859551276902,1.0,0.11732310013933459,0.16739701788588263,1.4268035679851585,460,1.7241320496699424e-05,0.6037060205578638,4.761153074685142,0.8799979462292461
10,pw_strait_of_hormuz_n_total_z,cnyusd,1.0,1.0,0.1217004755349393,0.1315497194914237,1.0809302010792616,560,1.0116117348568238e-06,0.569590747747155,1.735059217552341,0.7001168126181437
10,pw_malacca_strait_capacity_z,wti,1.0,0.9448299520019061,0.14145942018639954,0.0896182118363903,0.6335259378152501,560,1.7431217174227436,0.5125551725606691,2.02668584609117,0.45919095913617247
10,pw_bab_el_mandeb_strait_capacity_z,audusd,0.565403718943081,1.0,0.07902106623898665,0.16891225535648613,2.1375598102617075,200,3.078643970103305e-06,0.5628463753977095,1.0370585694813477,0.2694511217731462
10,pw_strait_of_hormuz_capacity_z,brent,0.7609328901321343,0.9723877417709333,0.08501339654090796,0.11648869738552411,1.3702393049249646,340,0.0002440750434170468,0.5533331579732302,0.7396940288980179,0.26182717234223823
10,pw_malacca_strait_n_total_z,wti,0.47725618548066523,1.0,0.04800697963658912,0.0921620476293268,1.9197635078688504,180,0.6532486593774426,0.4779173167992812,0.8791168045027292,0.19723964204943892
10,pw_malacca_strait_n_total_z,brent,0.27887674933417483,0.6954731849026078,0.03857284209861996,0.08535544150308798,2.2128377599155904,220,0.0002700677013817631,0.4788761567813584,1.2418975567751727,0.10702005433581725
10,pw_cape_of_good_hope_capacity_z,cnyusd,0.5492818768334595,1.0,0.055523644996994685,0.09332231361285749,1.6807670609144758,220,1.3846424693384957e-07,0.5781710700444118,0.34958971364761465,0.09504562893421696
10,pw_strait_of_hormuz_capacity_z,krwusd,0.28087032700753156,0.8035746652703029,0.027503385058889548,0.06321331187568799,2.2983829714174187,200,3.146115666974165e-06,0.4501379201461756,0.538436154287547,0.05933594992012484
10,pw_panama_canal_n_total_z,cnyusd,0.14700312538690197,1.0,0.02750375478888227,0.08258599768160553,3.0027172040884005,100,3.307174032441374e-07,0.6376933493058492,0.5523511448051499,0.03959702715036989
10,pw_cape_of_good_hope_capacity_z,brlusd,0.05347568767253022,0.8117096864975681,0.010349935005717894,0.007672871097840452,0.7413448580693038,100,1.1782767088539546e-05,0.5449627682261252,1.440925771821993,0.01986096971431161
10,pw_suez_canal_n_total_z,cnyusd,0.08492544827945005,1.0,0.014455742649335232,0.02198529309348304,1.520869153996323,180,5.321351745096576e-07,0.42603005190985815,0.4721236877115263,0.019683388805550203
10,pw_suez_canal_capacity_z,us2y,0.35534155453360106,1.0,0.03738399281902318,0.04588143000915129,1.2273014878657935,140,1.7476187660073777e-05,0.5264249845064186,0.10709877043077404,0.019010154487880047
10,pw_malacca_strait_capacity_z,us2y,0.23631228957198253,0.9550932768593384,0.017951438389294846,0.0555816075472338,3.0962202772775753,80,1.713162160805933e-05,0.4973563242236128,0.09223608067059637,0.010401481404214387
10,pw_suez_canal_capacity_z,us10y,0.021011075457318396,1.0,0.014185827488678197,0.03626167994320554,2.556190674963884,80,0.0005217601860782635,0.5162867908111641,0.4140422411899842,0.00428864353017097
10,pw_strait_of_hormuz_capacity_z,us10y,0.8249436242661403,1.0,0.06285594664055062,0.06909364041610348,1.0992379259073748,260,1.8774944316883057e-07,0.49274124450862794,0.00047243235764954643,0.00019486502704564213
10,pw_bab_el_mandeb_strait_n_total_z,brlusd,1.0,1.0,0.188142194044724,0.16624047290606014,0.8835895305151087,560,-1.582618705666941e-05,0.49348167951374255,-1.9743962251849838,0.0
10,pw_malacca_strait_capacity_z,brlusd,1.0,1.0,0.2087377997749492,0.1431003702118738,0.6855508219697514,560,-2.8207376468262854e-05,0.5375392146855904,-1.5574899984465453,0.0
10,pw_malacca_strait_capacity_z,cnyusd,1.0,1.0,0.43341225426093033,0.3409023532965008,0.7865544869695006,560,-8.79181277472183e-06,0.4070383724691827,-4.366698183847336,0.0
10,pw_malacca_strait_capacity_z,krwusd,1.0,1.0,0.25788363428540956,0.11856004904199981,0.459742431389752,560,-2.9707493383344907e-05,0.3956929340408953,-2.725312770998726,0.0
10,pw_malacca_strait_n_total_z,cnyusd,1.0,1.0,0.2447913230663232,0.19459255060689495,0.7949323863663766,560,-3.2037948334584184e-06,0.4669331629070568,-3.0730329118680824,0.0
10,pw_malacca_strait_n_total_z,krwusd,1.0,1.0,0.20061649135314608,0.05787251601297261,0.28847337336340595,560,-1.2535314537321933e-05,0.5640680258735532,-1.4646702994502414,0.0
10,pw_panama_canal_n_total_z,us10y,0.9909602281761952,1.0,0.1358169812754248,0.05991146210766215,0.441119082054747,540,-0.0009254018028792348,0.47504385568787133,-2.086584442421496,0.0
10,pw_strait_of_hormuz_capacity_z,us2y,0.9773486744022396,1.0,0.1512161124269864,0.0735119973677214,0.4861386540618556,480,-0.002075769823074633,0.4712515103820778,-2.1503240717334884,0.0
10,pw_strait_of_hormuz_n_total_z,audusd,0.9504146541553429,1.0,0.10497395321107718,0.0610799483547503,0.58185813229243,540,-2.2828321064280457e-06,0.49830478155731006,-0.3672010854159335,0.0
10,pw_bab_el_mandeb_strait_n_total_z,us10y,0.9295541194337776,1.0,0.10229607881000749,0.05565449595331836,0.544053072226594,420,-0.0004777614001694686,0.4238794190780622,-2.0856040580868025,0.0
10,pw_malacca_strait_n_total_z,audusd,0.8797727854011153,1.0,0.1520994325819082,0.014926654300525416,0.09813747524986428,540,-2.5577900455956817e-05,0.41852474150894203,-3.2500467286263897,0.0
10,pw_malacca_strait_capacity_z,audusd,0.866406871193008,1.0,0.1433918536826458,0.03510831980192494,0.24484180168021621,500,-2.2465132268264957e-05,0.5035346217503875,-2.2396592847532037,0.0
10,pw_malacca_strait_n_total_z,eurusd,0.8590073495096452,1.0,0.14660202600646188,0.03673346340408387,0.25056586463862884,480,-1.7795771245658553e-05,0.40222119582483534,-3.4101297240239887,0.0
10,pw_bab_el_mandeb_strait_capacity_z,wti,0.8517514435067727,1.0,0.12196668278344465,0.09276310718502052,0.7605610406714437,520,-0.3410140457174881,0.44485170861745726,-0.8283676788062843,0.0
10,pw_suez_canal_capacity_z,sp500,0.7525547627948512,1.0,0.0821360274989249,0.11811976189673902,1.4380992786421904,360,-6.995769833492958e-06,0.4574440718513426,-0.894656215067974,0.0
10,pw_suez_canal_capacity_z,eurusd,0.7391616470184327,0.9491888910061561,0.07530044592671173,0.05248390413255737,0.6969932712435568,300,-1.6204125832611726e-06,0.49033872869486117,-1.5643715784630694,0.0
10,pw_bab_el_mandeb_strait_capacity_z,brent,0.7174893495193277,1.0,0.12304540641395234,0.052025843108670415,0.4228182475471194,500,-1.7102770422856143e-05,0.4254281542249342,-0.1961477643170858,0.0
10,pw_strait_of_hormuz_n_total_z,krwusd,0.691227952802138,1.0,0.1015828587993334,0.0,0.0,500,-1.622266946666403e-05,0.4289940954220443,-1.8761094862929388,0.0
10,pw_cape_of_good_hope_capacity_z,wti,0.6803339031088674,0.9189073956979247,0.1358765009518982,0.006739741425239287,0.049601964857964885,500,-0.7819940132937813,0.43797679348121954,-1.8669192521017688,0.0
10,pw_malacca_strait_capacity_z,sp500,0.6325324018065089,1.0,0.13500735819672316,0.022926046917722293,0.16981331405889805,440,-0.0003046032957320948,0.32234644842867477,-5.9501107612217705,0.0
10,pw_malacca_strait_capacity_z,vix,0.6289139046511499,0.8651153225281949,0.08664196382559634,0.009227538738650587,0.10650195737973943,420,-3.247913714459867,0.35040535970364967,-5.242486453371611,0.0
10,pw_strait_of_hormuz_n_total_z,sp500,0.6262005730014721,1.0,0.09595904608642146,0.1573820030403059,1.6400955351157456,440,-5.066892607723658e-05,0.40225659580905515,-2.2353728632191494,0.0
10,pw_malacca_strait_n_total_z,us10y,0.597262134920443,1.0,0.07422809059351414,0.004136895943560389,0.05573221553299474,480,-0.0015339731628379169,0.43445244153013113,-3.16425755800721,0.0
10,pw_suez_canal_n_total_z,audusd,0.597262134920443,1.0,0.10964100981165488,0.0,0.0,480,-3.799911849034034e-06,0.52426763444406,-0.4235562989849548,0.0
10,pw_suez_canal_n_total_z,eurusd,0.597262134920443,1.0,0.15154292935087482,0.0,0.0,480,-3.7445770596370175e-06,0.447718697253518,-0.3849789088625749,0.0
10,pw_suez_canal_n_total_z,us2y,0.597262134920443,1.0,0.10985424984073833,0.0,0.0,480,0.0001977109279592377,0.566010166025898,0.16621871388230336,0.0
10,pw_panama_canal_n_total_z,henry_hub,0.5928629124941485,1.0,0.05667369630462569,0.061379368794359304,1.083030979035499,220,-0.0019575012408559536,0.42426418027012486,-2.602753699290141,0.0
10,pw_cape_of_good_hope_capacity_z,krwusd,0.5841730826740632,1.0,0.060958037137094204,0.03549035566848342,0.582209620507725,340,-2.6906531910038447e-06,0.3971842402853608,-1.8100710370206745,0.0
10,pw_suez_canal_n_total_z,us10y,0.5824971480207675,1.0,0.07003573284010356,0.0,0.0,420,0.00034112834752126714,0.5065488010846764,0.3732225042472335,0.0
10,pw_malacca_strait_capacity_z,us10y,0.5737806844107065,1.0,0.05384201634450309,0.07128951652771225,1.3240499031754858,380,-0.00020843670372236957,0.5163138308781375,-0.45381013512384255,0.0
10,pw_panama_canal_n_total_z,wti,0.570222988030132,0.9506668413966215,0.11610269244952366,0.028549927221489853,0.2459023698688306,420,-0.9140207873581557,0.4784001555884552,-2.9033520813061884,0.0
10,pw_malacca_strait_capacity_z,henry_hub,0.5429340182608686,1.0,0.04270201447483799,0.05006316976810452,1.1723842629860954,280,-0.003192524851524976,0.38306518182016536,-3.1408409471576753,0.0
10,pw_bab_el_mandeb_strait_capacity_z,eurusd,0.5416387398402001,1.0,0.08735492843754736,0.17850055275473953,2.043394184477581,120,-1.6372082909632376e-06,0.45730406466318396,-1.0749752380319906,0.0
10,pw_cape_of_good_hope_n_total_z,cnyusd,0.523538048464603,0.9916607359910017,0.05787024533212358,0.0,0.0,460,6.911212366162543e-08,0.5286503316980231,0.145614765945394,0.0
10,pw_cape_of_good_hope_capacity_z,sp500,0.515193577743306,1.0,0.04552633378410315,0.0,0.0,400,-6.00515306949236e-06,0.5204198114344601,-0.6202089211387314,0.0
10,pw_malacca_strait_n_total_z,us2y,0.5062031802854928,0.9195280204016126,0.04746385631664558,0.002713558577586292,0.057171051578349036,360,-0.0008828004755796498,0.4696506821802122,-2.725713001562744,0.0
10,pw_bab_el_mandeb_strait_capacity_z,henry_hub,0.4583612601598,1.0,0.13538284942739756,0.04176041060643417,0.3084616019167866,440,-0.01822451007541656,0.4081026729431595,-2.6442257176639496,0.0
10,pw_malacca_strait_n_total_z,henry_hub,0.4583612601598,0.9394826846100367,0.08655178497829732,0.03566453692487565,0.41206009712934816,440,-0.004020664309027467,0.4275074509420788,-2.307845311044988,0.0
10,pw_strait_of_hormuz_n_total_z,vix,0.4496726775250135,1.0,0.04499632279988922,0.0858987145786983,1.909016320304951,320,-0.29313762369628066,0.4989060580191281,-0.5904906637972394,0.0
10,pw_cape_of_good_hope_capacity_z,brent,0.4413346953209128,0.7865319435160238,0.055359787051443204,0.0,0.0,400,-7.059571987492127e-05,0.44195701535511955,-1.647687681540076,0.0
10,pw_strait_of_hormuz_n_total_z,brlusd,0.43326744048489585,0.9608320605058628,0.05260205295431149,0.06661809625636406,1.2664543019685273,260,-4.5843547587370495e-05,0.3233652078641669,-4.56884929061573,0.0
10,pw_panama_canal_n_total_z,brent,0.4279505156119988,0.9157348318038591,0.0694354529773995,0.014664604044680847,0.21119764350718673,380,-3.6778081910851656e-05,0.4830805574354496,-1.00664982072589,0.0
10,pw_cape_of_good_hope_n_total_z,henry_hub,0.3822172519461002,1.0,0.0447591306262998,0.020876019688802178,0.46640806907307847,340,-0.00022696557054554555,0.5166971438730829,-0.2804359322442025,0.0
10,pw_strait_of_hormuz_capacity_z,brlusd,0.3477969979989157,0.9395881057679978,0.039965050894212276,0.13195642860286702,3.301795585151548,160,-2.7325822170834235e-05,0.3216858910159675,-3.6553219701206094,0.0
10,pw_strait_of_hormuz_capacity_z,eurusd,0.3477969979989157,0.9191168950001383,0.034965475848958455,0.05079527911844994,1.4527266649500787,160,-6.394262690528275e-06,0.3727846019572964,-2.9565614766603976,0.0
10,pw_strait_of_hormuz_capacity_z,wti,0.3424980823994199,0.9386534508160679,0.027804402334935988,0.020413447700958022,0.7341804170093131,200,-0.5876636696470802,0.4896291381206846,-0.30544871600133733,0.0
10,pw_strait_of_hormuz_n_total_z,eurusd,0.30653447611033946,1.0,0.0650600701207942,0.0,0.0,380,-1.53712689664419e-05,0.37583331539185644,-3.3201779964003513,0.0
10,pw_malacca_strait_capacity_z,eurusd,0.30028838755269666,1.0,0.04288585163131123,0.0,0.0,360,8.184095830295744e-07,0.4448566452085224,0.2595476377957057,0.0
10,pw_bab_el_mandeb_strait_capacity_z,sp500,0.2985262777984083,1.0,0.04355628916500368,0.0,0.0,280,1.540398542169923e-05,0.637846473009508,0.25712810542605014,0.0
10,pw_strait_of_hormuz_capacity_z,vix,0.2976557823765343,0.6700319432731798,0.03937422499390702,0.03657880326308238,0.9290037649945564,260,-0.562631564263676,0.5205126005620279,-1.5958596134534162,0.0
10,pw_panama_canal_n_total_z,sp500,0.2921723457349092,1.0,0.033540885137468904,0.05275883345525254,1.5729708157378068,220,-2.163495582762503e-06,0.5128474135851243,-0.10999781730837889,0.0
10,pw_strait_of_hormuz_n_total_z,us10y,0.2674805017276812,1.0,0.04297775045482196,0.0,0.0,360,-0.0010396593324657917,0.47893763909594134,-1.6239021547691774,0.0
10,pw_strait_of_hormuz_n_total_z,us2y,0.21268061240562056,1.0,0.027130704978236497,0.0,0.0,320,-0.0004313040662786728,0.5398535091437584,-0.9014014225748274,0.0
10,pw_strait_of_hormuz_capacity_z,sp500,0.1852976906647646,1.0,0.03040298887433403,0.0,0.0,200,-1.243194495570559e-05,0.47152620017449365,-0.7791795055276508,0.0
10,pw_panama_canal_capacity_z,brlusd,0.18116968831264985,1.0,0.019780737557782577,0.0,0.0,200,-1.1370847787431045e-05,0.44901192069157214,-3.6149423598267205,0.0
10,pw_panama_canal_capacity_z,cnyusd,0.17505637573385957,1.0,0.04302798472711688,0.04331085851596182,1.0065741816782479,300,-2.3031153631613504e-06,0.4466864907056564,-2.045167478586777,0.0
10,pw_strait_of_hormuz_n_total_z,wti,0.17505637573385957,1.0,0.032429745015448104,0.0,0.0,300,-0.4536017073634858,0.4700811625959906,-1.6632212201043355,0.0
10,pw_bab_el_mandeb_strait_capacity_z,krwusd,0.1442163764950379,1.0,0.029411319661209485,0.022968268708763652,0.7809329527996816,160,-5.121871996893482e-06,0.3702664729334416,-1.6342088986652317,0.0
10,pw_bab_el_mandeb_strait_n_total_z,wti,0.13890087476064297,1.0,0.00723248004201588,0.0,0.0,40,-1.0726404153611218,0.3308814132588109,-2.214082711276896,0.0
10,pw_malacca_strait_n_total_z,vix,0.13000658063388074,0.6415518426915532,0.014968210156113302,0.0,0.0,260,-0.3752614093557233,0.4843332938404625,-0.9386892710756435,0.0
10,pw_suez_canal_n_total_z,krwusd,0.12652743714534762,1.0,0.009494774116124463,0.0,0.0,160,-1.4091773363948298e-05,0.3657666897336082,-3.173725686063553,0.0
10,pw_panama_canal_n_total_z,us2y,0.12397668765348607,1.0,0.022579967552145846,0.0,0.0,220,-0.004081401614434333,0.366886853384332,-5.615562733905504,0.0
10,pw_strait_of_hormuz_n_total_z,brent,0.12072116924422768,1.0,0.021471924658734317,0.007121472482085447,0.3316643754703464,220,-0.00013979298980312072,0.46487510858765513,-2.353512464911467,0.0
10,pw_suez_canal_capacity_z,wti,0.11550885476882575,1.0,0.013893295940766236,0.0,0.0,200,1.7525318371839635,0.5399538213218734,4.149807117505952,0.0
10,pw_panama_canal_n_total_z,eurusd,0.11304528240081844,1.0,0.016386352620077854,0.0,0.0,220,-1.2390657215222043e-05,0.4446677024569349,-3.539495233818132,0.0
10,pw_bab_el_mandeb_strait_n_total_z,henry_hub,0.11114475431132581,0.8671553417778257,0.02395175987362563,0.0,0.0,240,-0.006760929722265562,0.43190746984609174,-1.6939454642309022,0.0
10,pw_cape_of_good_hope_capacity_z,eurusd,0.11114475431132581,1.0,0.027027865742281484,0.0,0.0,240,-1.829747410678419e-05,0.4431841130194705,-4.15987745421425,0.0
10,pw_panama_canal_capacity_z,eurusd,0.11114475431132581,1.0,0.022892133819174054,0.0,0.0,240,-8.642451194381478e-06,0.454846113466506,-1.6868115788794038,0.0
10,pw_suez_canal_n_total_z,henry_hub,0.11114475431132581,1.0,0.05202023698365874,0.0,0.0,240,-0.060852062370407245,0.3491219630308665,-4.286128446662168,0.0
10,pw_cape_of_good_hope_capacity_z,vix,0.10813209643835733,1.0,0.01831222116149341,0.0,0.0,100,-0.9955468643044139,0.25307702061933435,-3.9814394948913523,0.0
10,pw_suez_canal_n_total_z,sp500,0.10622526492657484,1.0,0.017212315162007767,0.0,0.0,220,-0.00031343657137429906,0.4347229850777873,-4.936502515518446,0.0
10,pw_malacca_strait_n_total_z,sp500,0.10514226492177076,0.8206066196444527,0.013989052953995336,0.0,0.0,220,-2.2838415307262393e-05,0.47230482723651185,-1.6564547548851496,0.0
10,pw_cape_of_good_hope_capacity_z,audusd,0.10036432767164759,0.9454031563091864,0.020117160298077454,0.0,0.0,220,-3.7909380145712395e-06,0.4741253874068366,-0.7934431504029648,0.0
10,pw_panama_canal_capacity_z,krwusd,0.09385445944851435,1.0,0.013734420711155665,0.0,0.0,180,-1.757902916841688e-05,0.3832148349170059,-3.465082617077292,0.0
10,pw_panama_canal_capacity_z,brent,0.08496616541121206,1.0,0.0064584898151035085,0.0,0.0,160,-0.00015139705827360147,0.38178119720477716,-4.0486183008054395,0.0
10,pw_suez_canal_n_total_z,brlusd,0.08492544827945005,1.0,0.005956694378302566,0.0,0.0,180,-2.9248192605362637e-06,0.431427171004879,-0.3391886939670454,0.0
10,pw_suez_canal_capacity_z,vix,0.0790751710631694,1.0,0.02108365293860679,0.030232474891402614,1.433929641103283,40,-2.003161920870001,0.36155948326285847,-1.5931069512464269,0.0
10,pw_suez_canal_capacity_z,krwusd,0.06981332251465631,1.0,0.008488068036788832,0.0,0.0,40,-3.984390208329288e-06,0.2842799722097247,-1.4376112124437905,0.0
10,pw_bab_el_mandeb_strait_n_total_z,eurusd,0.06647206672547148,1.0,0.012317873601947705,0.0,0.0,180,-4.520939487073042e-06,0.451268104554237,-2.0800598858365484,0.0
10,pw_panama_canal_n_total_z,vix,0.06647206672547148,1.0,0.013802063302279037,0.0,0.0,180,-0.027832870567519707,0.3922383424230403,-0.05004689513074828,0.0
10,pw_suez_canal_capacity_z,brlusd,0.06306902687618382,1.0,0.007708241923371645,0.0,0.0,120,-6.924996555293173e-05,0.5009485754386009,-3.1690587351868396,0.0
10,pw_cape_of_good_hope_n_total_z,sp500,0.06059551332299479,1.0,0.007135745338889606,0.0,0.0,120,-3.499171784545397e-05,0.4102185191001353,-2.0606808541817783,0.0
10,pw_panama_canal_capacity_z,vix,0.06010186336773286,0.8680503294654099,0.0159086925597808,0.0,0.0,140,-0.8284886612870997,0.34408540144021815,-2.461614300838584,0.0
10,pw_cape_of_good_hope_capacity_z,us10y,0.05517004799809385,1.0,0.005475556007669981,0.0,0.0,160,-0.0008815931868776457,0.46959533793256075,-1.7465772388330099,0.0
10,pw_bab_el_mandeb_strait_capacity_z,vix,0.05463606713214678,1.0,0.019688636055788942,0.007906570973300449,0.40158043202671334,100,-0.1377059734716584,0.4634573669889312,-0.03739627889560381,0.0
10,pw_cape_of_good_hope_n_total_z,wti,0.04805022234762928,1.0,0.00945804373766649,0.0,0.0,140,0.3417723446475024,0.5354418226143295,1.454273622546448,0.0
10,pw_malacca_strait_n_total_z,brlusd,0.0473633409050479,1.0,0.014930309692692973,0.03994523378968163,2.6754457618003182,140,-8.092831927107177e-05,0.35240926854806676,-5.312003079299973,0.0
10,pw_bab_el_mandeb_strait_n_total_z,audusd,0.04510109400147501,1.0,0.00522514808642878,0.0,0.0,140,5.228291966221481e-06,0.5262150027371322,1.8761323915173322,0.0
10,pw_cape_of_good_hope_n_total_z,brlusd,0.04510109400147501,1.0,0.011082493726882192,0.0,0.0,140,8.99769879518531e-06,0.4629794712487889,0.5183125007331044,0.0
10,pw_panama_canal_n_total_z,brlusd,0.04510109400147501,1.0,0.015518196264041415,0.0,0.0,140,-6.208835816949061e-06,0.6035961020739882,-0.13980796012571295,0.0
10,pw_strait_of_hormuz_capacity_z,cnyusd,0.04510109400147501,1.0,0.00830306901524583,0.0,0.0,140,-9.95627415483057e-07,0.4015929327625748,-1.658904035424015,0.0
10,pw_bab_el_mandeb_strait_capacity_z,cnyusd,0.04073517199657291,1.0,0.005090229417647603,0.0,0.0,120,2.4186037291246234e-06,0.6565483013433332,5.241334836468773,0.0
10,pw_strait_of_hormuz_capacity_z,henry_hub,0.03904081167100927,1.0,0.019985612444191957,0.04248214255633179,2.125636263334906,60,-0.0018085618286434058,0.3873762667203549,-1.4672447848090313,0.0
10,pw_cape_of_good_hope_capacity_z,us2y,0.03606132217767027,1.0,0.0034956721697434897,0.0,0.0,120,-0.002017580563537741,0.22728954495874407,-4.2535104572744515,0.0
10,pw_cape_of_good_hope_n_total_z,audusd,0.03606132217767027,1.0,0.005468329730362892,0.0,0.0,120,-2.0910853374884617e-05,0.42103988893869215,-3.5686242379317252,0.0
10,pw_suez_canal_capacity_z,brent,0.03440461210662379,1.0,0.004409663084981958,0.0,0.0,100,5.4094530974015435e-05,0.5773237579580969,2.596774499901293,0.0
10,pw_suez_canal_n_total_z,wti,0.028130901107782966,1.0,0.012324605034681491,0.0,0.0,100,-0.5919935639927714,0.4403474008726573,-2.162926621525709,0.0
10,pw_strait_of_hormuz_capacity_z,audusd,0.023804758723480347,0.8165945702026512,0.018558931567695024,0.04501217998149119,2.4253648340318548,80,-8.147717479375283e-06,0.4775664581148233,-1.4031311638406219,0.0
10,pw_bab_el_mandeb_strait_n_total_z,vix,0.02269540796956292,1.0,0.002825015850306555,0.0,0.0,80,0.44613257230246617,0.7203713748361225,5.4151346632398685,0.0
10,pw_panama_canal_capacity_z,wti,0.019354365386271916,1.0,0.004646732827752016,0.0036933548367444236,0.7948283177991933,60,-0.44646908291925863,0.3903757768056618,-2.6439731440830347,0.0
10,pw_panama_canal_capacity_z,henry_hub,0.01922170791227385,0.7728650323463566,0.0015184218639479542,0.0,0.0,40,0.0005401502474536199,0.6225434134229184,0.3236233638631688,0.0
10,pw_bab_el_mandeb_strait_n_total_z,cnyusd,0.01693389464222269,1.0,0.0009159304781137431,0.0,0.0,20,-1.2846976138787993e-06,0.4156118798395674,-0.95190068044365,0.0
10,pw_bab_el_mandeb_strait_n_total_z,us2y,0.01693389464222269,1.0,0.0011527347226434005,0.0,0.0,20,-0.0066363289498547065,0.20296034624951606,-3.6311753174850665,0.0
10,pw_bab_el_mandeb_strait_capacity_z,us2y,0.01553149994729585,1.0,0.002150911284966963,0.0,0.0,60,-0.0005480458428236616,0.3168296364206116,-1.9192908002954974,0.0
10,pw_bab_el_mandeb_strait_n_total_z,krwusd,0.010399064894773515,1.0,0.0010492357788588265,0.0,0.0,40,1.8492642635063928e-07,0.45137721148405396,0.16948844839039975,0.0
10,pw_cape_of_good_hope_n_total_z,eurusd,0.00928541138965307,0.52980844663844,0.008245959541718278,0.016509836587641404,2.002172882866354,40,-1.2643677386360893e-06,0.4076163769633466,-2.729557532025291,0.0
10,pw_panama_canal_capacity_z,us2y,0.009039771823804733,1.0,0.0008190963428346615,0.0,0.0,20,-0.005611301024080635,0.28248703734430003,-3.540464108461419,0.0
10,pw_cape_of_good_hope_n_total_z,vix,0.007930421069887304,1.0,0.0025249346394698793,0.0,0.0,20,-2.478221106189447,0.04997362841193618,-5.152519545425123,0.0
10,pw_cape_of_good_hope_n_total_z,krwusd,0.005479575510022545,1.0,0.0005813005692588394,0.0,0.0,20,1.1666323108939584e-06,0.5614579201376767,1.5327427696580773,0.0
10,pw_panama_canal_capacity_z,audusd,0.005479575510022545,1.0,0.0007571682268233736,0.0,0.0,20,-1.1115366082184472e-05,0.2452214209290785,-3.761958541061158,0.0
10,pw_suez_canal_capacity_z,audusd,0.0043659220049021,1.0,0.0014298622135983873,0.0,0.0,20,2.7228277888977376e-06,0.5477781974862918,0.1689833458457087,0.0
10,pw_suez_canal_capacity_z,cnyusd,0.0043659220049021,1.0,0.00030044372608412144,0.0,0.0,20,1.5383452086673777e-06,0.8476909298319987,5.4623007346326276,0.0
10,pw_bab_el_mandeb_strait_capacity_z,brlusd,0.0,,0.0010693168825830033,0.0,0.0,0,,,,0.0
10,pw_bab_el_mandeb_strait_capacity_z,us10y,0.0,,0.0,0.0,0.0,0,,,,0.0
10,pw_bab_el_mandeb_strait_n_total_z,sp500,0.0,,0.00022811065900491968,0.0,0.0,0,,,,0.0
10,pw_bab_el_mandeb_strait_n_total_z,brent,0.0,,0.0,0.0,0.0,0,,,,0.0
10,pw_cape_of_good_hope_capacity_z,henry_hub,0.0,,0.0,0.0,0.0,0,,,,0.0
10,pw_cape_of_good_hope_n_total_z,us2y,0.0,,0.0002569526420539755,0.0,0.0,0,,,,0.0
10,pw_cape_of_good_hope_n_total_z,us10y,0.0,,0.00010011477541874302,0.0,0.0,0,,,,0.0
10,pw_cape_of_good_hope_n_total_z,brent,0.0,,0.00020327831186648236,0.0,0.0,0,,,,0.0
10,pw_panama_canal_capacity_z,sp500,0.0,,0.00033688737003600934,0.0,0.0,0,,,,0.0
10,pw_panama_canal_capacity_z,us10y,0.0,,0.00028240975143829794,0.0,0.0,0,,,,0.0
10,pw_panama_canal_n_total_z,krwusd,0.0,,0.0006518521663584493,0.005421835385051797,8.317584361713028,0,,,,0.0
10,pw_strait_of_hormuz_n_total_z,henry_hub,0.0,,0.0025491625822155876,0.0,0.0,0,,,,0.0
10,pw_suez_canal_capacity_z,henry_hub,0.0,,0.0,0.0,0.0,0,,,,0.0
10,pw_suez_canal_n_total_z,vix,0.0,,0.0020083855948282033,0.0,0.0,0,,,,0.0
10,pw_suez_canal_n_total_z,brent,0.0,,0.0005546786198957079,0.0,0.0,0,,,,0.0
20,pw_panama_canal_n_total_z,audusd,0.9899310460033811,1.0,0.20216140728050716,0.21404852315045012,1.0588001242662952,530,3.8617460616337715e-05,0.5685382757824413,4.349639877788932,0.9646939803317435
20,pw_malacca_strait_n_total_z,wti,0.9048520379602154,1.0,0.1248286195823388,0.24338690677129865,1.9497684712499528,350,8.264403346044109,0.49338022398316345,2.9264890988308645,0.8128113227180105
20,pw_strait_of_hormuz_capacity_z,brent,0.8249436242661403,1.0,0.10462924392162729,0.19116290504580852,1.8270504295051526,250,0.0020814960767201614,0.616463891779384,4.535668788970555,0.8074448514302729
20,pw_panama_canal_n_total_z,cnyusd,0.7935735117038861,1.0,0.08297879114100651,0.12494242252086175,1.5057151448319621,270,1.6293962245060328e-06,0.6130198652835499,3.6650394280585648,0.7539519665248107
20,pw_strait_of_hormuz_capacity_z,wti,0.9206449262382687,1.0,0.10282616767669422,0.128915611632263,1.2537237800945684,350,3.5790837525473997,0.5371900770358836,2.257345337514359,0.7462420912534328
20,pw_malacca_strait_n_total_z,brent,0.7172031163460245,1.0,0.11102290449337471,0.2774542945679118,2.4990725637561475,250,0.0019250350127995813,0.49572395770890015,3.021347619472383,0.6505452210988933
20,pw_cape_of_good_hope_capacity_z,audusd,0.8515877158168893,0.9618657721038408,0.10839567055525173,0.10100679295711965,0.9318342000166343,390,4.004968341418569e-06,0.5926739316663634,0.8553588987997047,0.30789103774955884
20,pw_suez_canal_capacity_z,sp500,0.9639386778223298,1.0,0.21346482457281976,0.21376326086916192,1.0013980584245643,430,2.4945751818877223e-05,0.5302577163389968,0.4339879941357426,0.20594658089325624
20,pw_strait_of_hormuz_n_total_z,cnyusd,0.3435616546223092,0.9736880652942993,0.031766184336605906,0.05811867055903412,1.8295766952425825,90,3.705426588038743e-07,0.4745612638627767,1.0456664134695828,0.16053160802702174
20,pw_bab_el_mandeb_strait_capacity_z,eurusd,0.40273786507955706,1.0,0.05841491907709843,0.20236364403159007,3.4642459020529013,70,1.756405699765389e-06,0.581046697115774,0.6852992035587093,0.13283937689030764
20,pw_bab_el_mandeb_strait_capacity_z,henry_hub,0.6582209291309016,1.0,0.05941607450098621,0.08073252499414768,1.358765715712297,270,0.0003494742655331319,0.5273406932540201,0.3958791428177119,0.12861265519508733
20,pw_cape_of_good_hope_capacity_z,krwusd,0.8533500874611051,1.0,0.11763598712074232,0.0796035393978646,0.6766937681762217,290,1.983194562262884e-06,0.4516009616517315,0.3071681738061498,0.08799734756311044
20,pw_malacca_strait_capacity_z,brent,0.542443810496812,0.9727806150352185,0.07801901960806015,0.017764550925968434,0.2276951314591138,260,0.00035367262379556997,0.41513358779979986,0.9298541845977547,0.0521560383392601
20,pw_panama_canal_capacity_z,wti,0.04510109400147501,1.0,0.015556196988513443,0.03063584455068424,1.9693659429297197,140,4.839045910197738,0.5931837791468315,3.368420536569277,0.0420976216626611
20,pw_bab_el_mandeb_strait_capacity_z,cnyusd,0.3199111386785408,1.0,0.04975049846116303,0.08705338591056588,1.749799270423849,250,5.853906827933746e-07,0.5888161832173981,0.2205487801218907,0.03513569915204889
20,pw_bab_el_mandeb_strait_capacity_z,us2y,0.1701265039555935,1.0,0.020519215041039377,0.005164030626941662,0.2516680397672797,200,0.004679373454310605,0.6581956646027741,2.0118519168049187,0.032714038162151196
20,pw_malacca_strait_capacity_z,brlusd,1.0,1.0,0.29187171031894393,0.27815273789464035,0.9529965668501681,550,2.6203504492748343e-06,0.6155259960157938,0.057502158531858596,0.027392132579736685
20,pw_cape_of_good_hope_capacity_z,henry_hub,0.021299816647124794,1.0,0.005691267185747274,0.010330085149526583,1.8150764693311834,40,0.014070150152914677,0.7676630824815809,3.3691776248275116,0.01988240965833189
20,pw_panama_canal_n_total_z,brent,0.24329547596404363,0.773238496196915,0.037955221282322295,0.033333771744152016,0.8782394257750586,320,1.2773263220773797e-05,0.5838093766826202,0.23869662005912426,0.019625534667499746
20,pw_bab_el_mandeb_strait_capacity_z,brlusd,0.09421085966910311,1.0,0.018432188307629015,0.003576465526286485,0.19403369076943508,220,2.9773565493056323e-06,0.3977637228012711,0.15597473545971408,0.001422732186883168
20,pw_malacca_strait_capacity_z,cnyusd,1.0,1.0,0.24344217834282275,0.14678053407121044,0.6029379751298051,550,-7.484025586700888e-06,0.42147996550468975,-3.2238481426972228,0.0
20,pw_panama_canal_n_total_z,us10y,1.0,1.0,0.1888117927197657,0.13404550644176774,0.709942448566854,550,-0.0034401229296829026,0.4265895064496518,-2.4411567108314185,0.0
20,pw_panama_canal_n_total_z,henry_hub,1.0,1.0,0.13710596463706218,0.050756535070542626,0.37019932141465883,550,-0.010072161765633296,0.46502572294598493,-2.0726447595186017,0.0
20,pw_bab_el_mandeb_strait_n_total_z,us10y,0.995634077995098,1.0,0.24819271812143873,0.17801202416354753,0.717233065945342,530,-0.001763095871432655,0.42471719386807644,-1.6693347678119124,0.0
20,pw_cape_of_good_hope_capacity_z,us10y,0.995634077995098,1.0,0.09052887646944868,0.05403783571536499,0.596912695957311,530,-0.0011153659146373456,0.5531808900192556,-1.4721755362967521,0.0
20,pw_malacca_strait_capacity_z,sp500,0.9849497532796482,1.0,0.2353555114417281,0.12814373689758768,0.5444688170360307,510,-0.0004838458384233209,0.4726919610900937,-4.317547039833272,0.0
20,pw_bab_el_mandeb_strait_n_total_z,brlusd,0.9722612070563684,1.0,0.22450652099506915,0.22976344625842862,1.023415468023198,510,-1.1100061893044498e-05,0.4572296706493956,-0.7147534815470747,0.0
20,pw_malacca_strait_n_total_z,cnyusd,0.9695892554521988,1.0,0.14329059514832065,0.09554951168985115,0.666823329130202,490,-2.0167753426381415e-06,0.47521602643510263,-1.6888255798367264,0.0
20,pw_suez_canal_n_total_z,cnyusd,0.9120087424268245,1.0,0.09291148590005577,0.08003788666223942,0.8614423274678398,510,-8.60501227909192e-08,0.6610550714142224,-0.051820691966045315,0.0
20,pw_malacca_strait_capacity_z,krwusd,0.906034182118305,1.0,0.17243729120118179,0.12434045766666174,0.7210763797118241,530,-3.591738891676869e-05,0.3577129449418639,-2.361268160511691,0.0
20,pw_bab_el_mandeb_strait_capacity_z,audusd,0.8669735610872715,1.0,0.13250104824495654,0.12344898309618296,0.9316830676536317,470,-7.167950957790628e-06,0.4660520567243607,-0.8330378946821142,0.0
20,pw_suez_canal_capacity_z,wti,0.8114551674010227,1.0,0.21345434771433427,0.07160069638529862,0.33543798546151776,510,-1.8548674319619132,0.5631597673421183,-1.1408968522186815,0.0
20,pw_strait_of_hormuz_n_total_z,wti,0.8041997521831302,1.0,0.08755740912344213,0.07114509219624912,0.8125536480407474,450,-4.333148709450142,0.4819775174951488,-2.394375296495384,0.0
20,pw_malacca_strait_capacity_z,audusd,0.8005611177077521,1.0,0.09987980216164116,0.08681985729012144,0.8692433846596526,510,-5.866489861970866e-06,0.5234606891904923,-0.5514559934249684,0.0
20,pw_malacca_strait_capacity_z,vix,0.7532904670806462,1.0,0.12792750452883705,0.047870850045937344,0.37420295363571665,500,-4.98898627659608,0.40511628894503066,-4.394537889364438,0.0
20,pw_strait_of_hormuz_n_total_z,sp500,0.6865860099638699,1.0,0.14317485344637387,0.27275857212957844,1.9050731714682014,370,-0.00019766329341156582,0.26852342087049075,-6.578577996091491,0.0
20,pw_strait_of_hormuz_n_total_z,henry_hub,0.6803339031088674,1.0,0.07411652939065617,0.0,0.0,500,-0.01631286649719904,0.4082586404535654,-4.554517742109077,0.0
20,pw_panama_canal_n_total_z,us2y,0.6612251772884439,1.0,0.09893498011615752,0.021697132833794396,0.21930699140304308,460,-0.001537438536353399,0.49994614345261806,-1.6934583433253778,0.0
20,pw_suez_canal_capacity_z,eurusd,0.6536559248430123,1.0,0.12627384496991742,0.14925134221160735,1.181965610116362,170,-7.2945993711008816e-06,0.49558180072541824,-1.8124573908593251,0.0
20,pw_strait_of_hormuz_n_total_z,eurusd,0.6527756429337801,1.0,0.05904343181876681,0.06047114772587291,1.0241807744422522,390,-2.0061425043777867e-05,0.6419601198643246,-2.194973187137155,0.0
20,pw_suez_canal_capacity_z,vix,0.6265863266338569,1.0,0.06037406537955007,0.05035416827737926,0.8340364022336526,250,-1.1566661849365407,0.5165408437718808,-1.0848263706152914,0.0
20,pw_strait_of_hormuz_capacity_z,us2y,0.6231472477730489,1.0,0.09214585185756721,0.029849866960438322,0.32394151618000355,360,-0.006498728824774233,0.41453210086177295,-4.943468254407655,0.0
20,pw_strait_of_hormuz_n_total_z,us2y,0.601592919570715,0.7879942024426051,0.060956643826097286,0.08191532625967023,1.3438293370180583,410,-0.0022319504708984746,0.5509676348938038,-2.178882040175417,0.0
20,pw_cape_of_good_hope_n_total_z,henry_hub,0.597262134920443,1.0,0.10563856352763383,0.0336047639602452,0.31811076218822854,480,-0.009515502188705385,0.540714169461495,-2.764727091461044,0.0
20,pw_suez_canal_capacity_z,brent,0.597262134920443,1.0,0.1492843951976143,0.0,0.0,480,-0.0001444246395033609,0.438664897754227,-0.5307498021266047,0.0
20,pw_suez_canal_n_total_z,eurusd,0.597262134920443,1.0,0.24989002067791508,0.0,0.0,480,-1.732315619724708e-05,0.4850555157826636,-0.6682312144946766,0.0
20,pw_suez_canal_n_total_z,us2y,0.597262134920443,1.0,0.1465611950836589,0.0,0.0,480,-0.0006792880665324032,0.5716894786904797,-0.27812347532865994,0.0
20,pw_cape_of_good_hope_n_total_z,brlusd,0.594432409962154,0.9393348653718825,0.06073146098076837,0.005882246410865203,0.09685665906716642,400,-1.2437290189041292e-06,0.5235549326026206,-0.18514679804483614,0.0
20,pw_strait_of_hormuz_n_total_z,audusd,0.5913215553101667,0.977396538164254,0.07125472995159096,0.08569407631307065,1.2026440402102356,310,-5.590445000344989e-05,0.32110205595428765,-5.135604300566843,0.0
20,pw_strait_of_hormuz_n_total_z,vix,0.565009714474832,1.0,0.0879781804567619,0.18607834163612366,2.11505103504129,290,-1.2727702558947636,0.24640507814743373,-2.9441541996144576,0.0
20,pw_malacca_strait_capacity_z,us2y,0.5440830554647459,0.9728626231760449,0.08641445415782549,0.0,0.0,280,-0.009067754334748638,0.2869639483894684,-8.85662714082683,0.0
20,pw_suez_canal_capacity_z,henry_hub,0.4748593204635654,1.0,0.04731874122339286,0.0,0.0,400,-0.002650065443699164,0.49608177064703174,-1.8399000460674382,0.0
20,pw_malacca_strait_capacity_z,wti,0.4369707460862591,0.9662105826719094,0.057255986907424936,0.0,0.0,240,1.5684516529023482,0.4286254654847534,1.1502524220983739,0.0
20,pw_strait_of_hormuz_capacity_z,sp500,0.41968422297275504,1.0,0.05543104846373116,0.0,0.0,360,-0.0006256031129224463,0.3983231714433257,-5.797363207122923,0.0
20,pw_malacca_strait_n_total_z,eurusd,0.39847392158978173,0.8848490851662866,0.04229583798134406,0.0,0.0,300,-3.970869305592398e-05,0.2367406723034432,-7.5497847365738755,0.0
20,pw_strait_of_hormuz_capacity_z,brlusd,0.37483614488922656,0.8528155602112545,0.07722882626378862,0.22356362687723752,2.894820984506701,210,-7.547851989672032e-05,0.3574211586661724,-3.110546207896921,0.0
20,pw_malacca_strait_capacity_z,henry_hub,0.3403938678771985,1.0,0.04917063692588923,0.0,0.0,340,-0.004974097658486628,0.46081411872171435,-1.8227118881527962,0.0
20,pw_suez_canal_capacity_z,us2y,0.3344310837908084,1.0,0.024352366348566704,0.0726217295692541,2.9821220874302576,110,-0.00021200574817199728,0.48747297132085915,-0.8078854262840153,0.0
20,pw_strait_of_hormuz_n_total_z,brent,0.33185223037812395,1.0,0.04430862441036125,0.0,0.0,340,-0.0029098224740126562,0.301108308057726,-5.376518601714382,0.0
20,pw_strait_of_hormuz_capacity_z,vix,0.3219567073359228,1.0,0.057064473522478586,0.0,0.0,360,-12.10267896346239,0.41465222836875165,-5.8526087049901845,0.0
20,pw_suez_canal_capacity_z,cnyusd,0.314487549772929,1.0,0.030135754880619578,0.0,0.0,140,-2.864457718803852e-07,0.5103952177487441,-0.6483093719529767,0.0
20,pw_bab_el_mandeb_strait_capacity_z,wti,0.308772047197862,1.0,0.02203119579306253,0.05054590392040158,2.2942878087588023,50,-0.256468943215409,0.40811670738426953,-0.8674904700644704,0.0
20,pw_strait_of_hormuz_capacity_z,us10y,0.30676141589774375,0.9564289590690807,0.03456695603306944,0.01584870456521209,0.45849291878781534,160,-0.00411821620530662,0.29452579529280337,-4.352666111907202,0.0
20,pw_strait_of_hormuz_n_total_z,us10y,0.30216855410543736,0.8336354182318269,0.044045885423203666,0.019563557496578385,0.44416311100587325,360,-0.0009693033729192006,0.45523278736934797,-1.7751138039622671,0.0
20,pw_panama_canal_n_total_z,wti,0.282097808561065,0.8401224942812269,0.03315669479692583,0.0,0.0,300,-0.5002609343382618,0.49657787554004457,-1.35061652020005,0.0
20,pw_panama_canal_n_total_z,eurusd,0.27949532922002857,1.0,0.03238973677713891,0.0,0.0,320,-2.776255051576665e-05,0.33330134901673725,-5.353988724456959,0.0
20,pw_bab_el_mandeb_strait_n_total_z,us2y,0.2670737369505423,1.0,0.03798888680201081,0.0,0.0,200,-0.0026572456652442693,0.1445799058247154,-3.9411750658292863,0.0
20,pw_strait_of_hormuz_capacity_z,eurusd,0.2659109490177194,0.7500213249171549,0.03129690273198588,0.03741486731373605,1.1954814709347426,220,-1.9791011632845926e-05,0.08358132307349457,-4.262067565805689,0.0
20,pw_suez_canal_n_total_z,us10y,0.17505637573385957,1.0,0.03539581615875545,0.0,0.0,300,-0.0032235926592579637,0.5122321131289587,-0.7312893174731455,0.0
20,pw_strait_of_hormuz_n_total_z,krwusd,0.1657709643442065,0.8549773702218147,0.027806175057083455,0.0,0.0,260,-4.298105477633207e-05,0.36406442932978267,-4.746615934268028,0.0
20,pw_bab_el_mandeb_strait_n_total_z,audusd,0.1625342296279256,1.0,0.014257655576342827,0.0,0.0,160,1.211738731851624e-05,0.7849835650963082,2.6024127481665498,0.0
20,pw_bab_el_mandeb_strait_capacity_z,brent,0.15986576264968275,1.0,0.01896211468254809,0.06847860588135717,3.611338029949893,110,-0.0004968508380083242,0.1738047504190879,-3.6438136070728215,0.0
20,pw_suez_canal_n_total_z,krwusd,0.15249055507075926,1.0,0.015398244676687257,0.0,0.0,260,-1.6491714725032554e-05,0.391504662037064,-1.326401713849471,0.0
20,pw_strait_of_hormuz_capacity_z,krwusd,0.1491358658797889,0.6300685440579148,0.024749410191495184,0.022866940781462744,0.9239388173105101,180,-3.973520138841919e-05,0.19250259930411212,-2.4214739196686748,0.0
20,pw_strait_of_hormuz_n_total_z,brlusd,0.14887026466689623,0.9392775189589966,0.04407684247691365,0.0038026030072784876,0.08627212825578864,100,-0.0003407680036956488,0.05868612294711729,-8.69994719558249,0.0
20,pw_cape_of_good_hope_n_total_z,brent,0.14728979155739522,1.0,0.029634505079294816,0.0,0.0,160,-0.002381252469293409,0.29126904815819604,-6.636719986137994,0.0
20,pw_cape_of_good_hope_capacity_z,eurusd,0.14664991253889487,1.0,0.02407961190172479,0.0,0.0,260,-8.873735463052684e-05,0.3261375023756585,-7.342127355586539,0.0
20,pw_cape_of_good_hope_n_total_z,vix,0.13000658063388074,0.6530860685545845,0.017782712901420108,0.0,0.0,260,-3.8644849303374307,0.41006148254929486,-2.9529733195808734,0.0
20,pw_cape_of_good_hope_capacity_z,brlusd,0.12718418633534923,1.0,0.021566176976107163,0.04663494573763783,2.162411343897621,80,-3.864654856352612e-05,0.3399758821170939,-1.6458222633795765,0.0
20,pw_bab_el_mandeb_strait_n_total_z,henry_hub,0.11114475431132581,1.0,0.02767202895835609,0.0,0.0,240,-0.10287559129547327,0.39064001768545636,-5.823881563872957,0.0
20,pw_cape_of_good_hope_capacity_z,sp500,0.11114475431132581,1.0,0.03449585099594555,0.0,0.0,240,0.00028123546734887283,0.5303107915085316,5.159363333264058,0.0
20,pw_suez_canal_n_total_z,sp500,0.11114475431132581,1.0,0.03707846099198054,0.0,0.0,240,-0.0029244390791140396,0.3643802607151071,-7.747191771970488,0.0
20,pw_suez_canal_n_total_z,wti,0.11114475431132581,1.0,0.02431134095347312,0.0,0.0,240,6.634858464691339,0.6503203094852971,6.073130895180116,0.0
20,pw_suez_canal_n_total_z,vix,0.10495658073856452,0.8905666745758761,0.010406264153874826,0.0,0.0,100,-0.39713241377851644,0.2747216941092107,-1.7158159835090445,0.0
20,pw_panama_canal_capacity_z,sp500,0.09843673244203001,1.0,0.011401021104507782,0.0,0.0,160,-2.689653254753418e-05,0.3248002525474889,-1.4665980032515762,0.0
20,pw_malacca_strait_n_total_z,henry_hub,0.09628896840395407,1.0,0.013120564538679116,0.0,0.0,220,-0.0032376906668327354,0.41958919800620936,-1.2389917559195784,0.0
20,pw_cape_of_good_hope_n_total_z,wti,0.09584578654570312,1.0,0.017773489849525342,0.0,0.0,120,-15.855419981372384,0.3192665072562215,-7.309402058021488,0.0
20,pw_suez_canal_n_total_z,brent,0.09421085966910311,1.0,0.014202369334660113,0.0,0.0,220,0.0006975621805448078,0.6848009644602325,5.966243141127026,0.0
20,pw_suez_canal_n_total_z,henry_hub,0.09421085966910311,1.0,0.017724228598848875,0.0,0.0,220,-0.01489132358762101,0.47529294687429713,-2.388154949738476,0.0
20,pw_malacca_strait_n_total_z,sp500,0.0905573241942951,1.0,0.00957478709877494,0.0,0.0,180,-0.000101541928957477,0.3868193256240575,-4.709363171561668,0.0
20,pw_malacca_strait_capacity_z,eurusd,0.0847924888635963,1.0,0.02336921191547247,0.0,0.0,180,1.0810763968703967e-05,0.6011757674222967,1.7657048523942467,0.0
20,pw_suez_canal_n_total_z,audusd,0.08037478533086588,1.0,0.008180964480145008,0.0,0.0,80,3.9646616089541714e-05,0.6548354298479899,4.28501014590943,0.0
20,pw_bab_el_mandeb_strait_capacity_z,krwusd,0.07935507376173136,1.0,0.015696675083779036,0.0,0.0,200,1.030445389293477e-06,0.3885608307502492,0.12434502495694597,0.0
20,pw_bab_el_mandeb_strait_capacity_z,us10y,0.07935507376173136,1.0,0.013313659180137442,0.030348025909499775,2.2794654346248993,200,-0.0015903010454576638,0.5260371161766114,-1.5525866358870821,0.0
20,pw_cape_of_good_hope_capacity_z,brent,0.07935507376173136,1.0,0.011009533003033405,0.0,0.0,200,-0.00017698294829518208,0.36722436453744545,-2.250243198740297,0.0
20,pw_panama_canal_capacity_z,krwusd,0.07935507376173136,1.0,0.025375116880766983,0.0171054637218186,0.6741038396864942,200,-0.00013164017409050629,0.2896721264855076,-6.573003242358912,0.0
20,pw_panama_canal_capacity_z,us10y,0.07935507376173136,1.0,0.01832266824613871,0.0,0.0,200,-0.013699057218074061,0.5121324165095782,-2.518727516800022,0.0
20,pw_malacca_strait_capacity_z,us10y,0.0759155222425196,1.0,0.014283921422971553,0.002425998766545516,0.16984122879897665,160,-0.015948901917799758,0.40539389176547785,-2.810460858018968,0.0
20,pw_panama_canal_n_total_z,brlusd,0.07283988694510665,1.0,0.01221694714036867,0.0,0.0,180,-3.299047156012358e-05,0.4463238124591194,-0.958581297370278,0.0
20,pw_cape_of_good_hope_capacity_z,us2y,0.07210394264031654,1.0,0.010310571969654281,0.0,0.0,180,-0.0056993508822525,0.23727715233583613,-3.417100075752923,0.0
20,pw_panama_canal_capacity_z,vix,0.0710332686204005,1.0,0.02553388633748197,0.0,0.0,140,-1.4931426662681828,0.27975823547304923,-1.244368464996969,0.0
20,pw_strait_of_hormuz_capacity_z,audusd,0.0700696623720783,1.0,0.01759085285039708,0.0,0.0,160,-0.0001174309627233186,0.34309899049081355,-5.456814468255925,0.0
20,pw_malacca_strait_n_total_z,us2y,0.06210614472056939,1.0,0.01393034655596565,0.02030735834039022,1.457778401908718,160,-0.0019331300573232982,0.4775302607290531,-1.3680674501543535,0.0
20,pw_malacca_strait_n_total_z,audusd,0.05765399013958023,1.0,0.009081806853323908,0.0,0.0,140,-2.2481396519451788e-05,0.4578101511849648,-1.8279824092012054,0.0
20,pw_malacca_strait_n_total_z,vix,0.057562873529962366,0.7419207034610757,0.006162717993672893,0.0,0.0,120,-1.7490968003693408,0.3288976849789139,-3.470273492660686,0.0
20,pw_panama_canal_n_total_z,sp500,0.05517004799809385,1.0,0.0190415672624267,0.004929524822479053,0.2588823049353776,160,-0.000502239179817566,0.20335013452412784,-6.104799389672283,0.0
20,pw_cape_of_good_hope_n_total_z,eurusd,0.05492314850022521,1.0,0.011507117111959137,0.004124790587811754,0.35845560166628826,140,-4.997706508842175e-05,0.25529856801351974,-5.343600720456628,0.0
20,pw_panama_canal_capacity_z,cnyusd,0.05257916297371417,1.0,0.01013017398043007,0.0,0.0,120,-3.767253546913802e-05,0.17135730880114217,-8.136213878761621,0.0
20,pw_cape_of_good_hope_n_total_z,sp500,0.05188730703734506,0.689874325892732,0.00543088087228838,0.0,0.0,100,-0.00024366554828278853,0.28457256010524673,-2.4818203227617803,0.0
20,pw_bab_el_mandeb_strait_n_total_z,eurusd,0.05080412599319175,1.0,0.00869478076442306,0.0,0.0,140,-8.418753861008489e-06,0.41851197772844406,-2.3624959507259393,0.0
20,pw_bab_el_mandeb_strait_n_total_z,vix,0.04510109400147501,1.0,0.010711346881725172,0.0,0.0,140,-0.3859536366706791,0.41275554284578686,-1.3691635925960848,0.0
20,pw_cape_of_good_hope_n_total_z,audusd,0.04510109400147501,1.0,0.00996728422458572,0.0,0.0,140,-5.10365347040978e-05,0.38645610755005544,-4.185309692501168,0.0
20,pw_panama_canal_capacity_z,brent,0.04510109400147501,1.0,0.00954289458698129,0.0,0.0,140,0.0010608723725198642,0.6036248713740722,4.064557355120869,0.0
20,pw_panama_canal_n_total_z,vix,0.04510109400147501,1.0,0.012466762179479724,0.0,0.0,140,0.40111575005299743,0.5117912981662729,0.3552604951056842,0.0
20,pw_panama_canal_capacity_z,eurusd,0.04011980127774198,1.0,0.007762733282082685,0.0,0.0,120,-8.75811997162788e-05,0.23224448830128433,-8.36891677372459,0.0
20,pw_bab_el_mandeb_strait_capacity_z,sp500,0.039871080232471164,1.0,0.009275453829721197,0.0,0.0,40,-0.0006213171954904343,0.3839954299276219,-3.4439375703247075,0.0
20,pw_cape_of_good_hope_capacity_z,wti,0.036884644405235534,0.8816330731852633,0.004056942842827122,0.0,0.0,100,-0.37571253064074844,0.48607072603740453,-1.220329324815851,0.0
20,pw_strait_of_hormuz_capacity_z,cnyusd,0.03684486478463605,1.0,0.014687432435487079,0.005877141704142482,0.40014765888845283,100,-1.0854021577783698e-06,0.40585028756360036,-1.1030086645020514,0.0
20,pw_panama_canal_capacity_z,us2y,0.036324558279963955,1.0,0.003983271845588996,0.0,0.0,100,-0.010559499631934194,0.44770443073390115,-3.8160127510599646,0.0
20,pw_cape_of_good_hope_n_total_z,cnyusd,0.03606132217767027,1.0,0.00474173742273456,0.0,0.0,120,-1.2097392856268803e-05,0.19863845410697137,-8.696489627295353,0.0
20,pw_cape_of_good_hope_n_total_z,krwusd,0.03606132217767027,1.0,0.009708433663015225,0.0,0.0,120,-0.00014545699864132425,0.2147323639570234,-7.265916787031246,0.0
20,pw_bab_el_mandeb_strait_n_total_z,cnyusd,0.031695400172768166,1.0,0.0042108215808634025,0.0,0.0,100,6.485801590637438e-06,0.7160563670468225,8.318665773374807,0.0
20,pw_strait_of_hormuz_capacity_z,henry_hub,0.03108002945393724,1.0,0.02037401492259129,0.021063377136853932,1.0338353641578153,100,-0.011286149343447844,0.4602666497128129,-2.1616418788113885,0.0
20,pw_panama_canal_capacity_z,henry_hub,0.0289414965272057,1.0,0.004323381999920956,0.0,0.0,100,-0.002499391679290211,0.37920238587930455,-1.7988401909293368,0.0
20,pw_malacca_strait_n_total_z,brlusd,0.02418502576363752,1.0,0.003365624978463184,0.0,0.0,40,-0.00010924486732474515,0.5073938109755302,-3.332288045448402,0.0
20,pw_malacca_strait_n_total_z,us10y,0.02409001854415661,1.0,0.006226109737732133,0.0,0.0,60,0.0007844110240725532,0.5329210413944038,0.7315589958683912,0.0
20,pw_malacca_strait_n_total_z,krwusd,0.02216841842591296,1.0,0.015209639370892139,0.0,0.0,60,-7.9111033447831e-05,0.5313342526122717,-1.5874829927493308,0.0
20,pw_suez_canal_capacity_z,brlusd,0.019416168725253976,1.0,0.00231190758821238,0.0,0.0,60,4.155103477041102e-05,0.6635723414047191,4.449344996801286,0.0
20,pw_cape_of_good_hope_n_total_z,us2y,0.01910872582042358,1.0,0.0024677751486657505,0.0,0.0,40,-0.013807261642627352,0.29671162583022825,-4.305608402522032,0.0
20,pw_cape_of_good_hope_capacity_z,vix,0.018285403592858324,1.0,0.0033463964866307567,0.0,0.0,60,0.39637335068089724,0.7103722699736194,2.511828932851175,0.0
20,pw_cape_of_good_hope_n_total_z,us10y,0.00928541138965307,1.0,0.0011150612077650305,0.0,0.0,40,-0.005542386742482249,0.38084960874977825,-3.2935797892275644,0.0
20,pw_panama_canal_capacity_z,audusd,0.00928541138965307,1.0,0.0010955166382882824,0.0,0.0,40,1.6458948725937065e-05,0.6956593262441807,3.5890139114312807,0.0
20,pw_suez_canal_capacity_z,audusd,0.00928541138965307,1.0,0.0033136774118486803,0.0,0.0,40,-6.041637875487119e-05,0.30259511204306083,-1.281004178356563,0.0
20,pw_suez_canal_capacity_z,us10y,0.00928541138965307,1.0,0.0015034184903297892,0.0,0.0,40,0.0062275854719655264,0.4921479523849887,2.159512214059249,0.0
20,pw_suez_canal_n_total_z,brlusd,0.007930421069887304,1.0,0.0013189584344227932,0.0,0.0,20,-1.999917274384053e-05,0.3855292330117204,-2.5068467562976253,0.0
20,pw_panama_canal_capacity_z,brlusd,0.0049194893847509715,1.0,0.004557902497985197,0.0,0.0,20,-2.233132413965333e-07,0.4106916471652965,-0.04440630214421442,0.0
20,pw_bab_el_mandeb_strait_n_total_z,wti,0.0043659220049021,1.0,0.000612778446633882,0.0,0.0,20,0.10424081828059542,0.5699487338144901,0.12662487492738633,0.0
20,pw_bab_el_mandeb_strait_n_total_z,brent,0.0043659220049021,1.0,0.00038147378777975165,0.0,0.0,20,5.5773855854572816e-05,0.6148328130130984,0.9105295797496264,0.0
20,pw_panama_canal_n_total_z,krwusd,0.0043659220049021,1.0,0.0003939872552404497,0.0,0.0,20,5.99264017918719e-06,0.6599851780810243,1.6163271853137928,0.0
20,pw_suez_canal_capacity_z,krwusd,0.0043659220049021,1.0,0.0008295172476684716,0.0,0.0,20,0.00010722153881428671,1.0,9.618960715437563,0.0
20,pw_bab_el_mandeb_strait_capacity_z,vix,0.0,,0.00025134727954502967,0.0,0.0,0,,,,0.0
20,pw_bab_el_mandeb_strait_n_total_z,krwusd,0.0,,0.0003704121655185765,0.0,0.0,0,,,,0.0
20,pw_bab_el_mandeb_strait_n_total_z,sp500,0.0,,0.006250557592418312,0.0,0.0,0,,,,0.0
20,pw_cape_of_good_hope_capacity_z,cnyusd,0.0,,0.025302237312818845,0.017388445197919825,0.6872295514005924,0,,,,0.0
