segment,horizon,model,variable,n,rmse,mae,directional_accuracy,corr,ar_rmse,rmse_skill_vs_ar
oos_all,1,ar,audusd,709,0.005845024471019471,0.004352404331195477,0.46685472496473907,0.027466306260216917,0.005845024471019471,0.0
oos_all,1,ar,brlusd,709,0.00703013073463923,0.005346301419224047,0.4823695345557123,0.009165349145834816,0.00703013073463923,0.0
oos_all,1,ar,cnyusd,709,0.0017404711193366776,0.001137648169251816,0.5007052186177715,0.02193475128065234,0.0017404711193366776,0.0
oos_all,1,ar,krwusd,709,0.0059141072781534005,0.004317129010985344,0.5133991537376587,0.08114453348354872,0.0059141072781534005,0.0
oos_all,1,ar,eurusd,709,0.004240076093967116,0.003140702031643285,0.5035260930888575,0.0009312791147048265,0.004240076093967116,0.0
oos_all,1,ar,sp500,709,0.009453792059832843,0.006524093743038051,0.5133991537376587,0.06104049895267109,0.009453792059832843,0.0
oos_all,1,ar,vix,709,1.8765260566949247,1.0474224868605975,0.5204513399153737,0.10566993937772219,1.8765260566949247,0.0
oos_all,1,ar,us2y,709,0.05741641901369046,0.04291818517900797,0.45557122708039494,0.013703230739205213,0.05741641901369046,0.0
oos_all,1,ar,us10y,709,0.05528851718500122,0.043477796125999696,0.46685472496473907,-0.05154848663323443,0.05528851718500122,0.0
oos_all,1,ar,wti,709,2.150582376292106,1.3888777499498415,0.5204513399153737,-0.058242943585525814,2.150582376292106,0.0
oos_all,1,ar,brent,709,0.026955646945462954,0.018664250580697896,0.5148095909732017,0.01594849647660006,0.026955646945462954,0.0
oos_all,1,ar,henry_hub,709,0.11333288487814938,0.055523306432859486,0.47390691114245415,0.02913056731256378,0.11333288487814938,0.0
oos_all,1,financial_direct_sparse,audusd,709,0.00557084250087071,0.004246198598986329,0.5430183356840621,0.3009308981305016,0.005845024471019471,0.04690860945205566
oos_all,1,financial_direct_sparse,brlusd,709,0.007013512254170861,0.005336509152398988,0.4936530324400564,0.06904275475600913,0.00703013073463923,0.002363893517155491
oos_all,1,financial_direct_sparse,cnyusd,709,0.0017290996606105767,0.0011689954157307755,0.49647390691114246,0.12187978033584151,0.0017404711193366776,0.00653355209389217
oos_all,1,financial_direct_sparse,krwusd,709,0.005776316896619942,0.004226926906152469,0.5613540197461213,0.23068780908185108,0.0059141072781534005,0.023298593524411326
oos_all,1,financial_direct_sparse,eurusd,709,0.004209942845380884,0.003097563630048671,0.5218617771509168,0.11128933593851256,0.004240076093967116,0.007106770708456556
oos_all,1,financial_direct_sparse,sp500,709,0.009495596996625482,0.0065488371355971265,0.5430183356840621,0.028078985550740468,0.009453792059832843,-0.004422028380575371
oos_all,1,financial_direct_sparse,vix,709,1.8688732534139652,1.0434053776523857,0.5317348377997179,0.12687017098797068,1.8765260566949247,0.004078175868465261
oos_all,1,financial_direct_sparse,us2y,709,0.057721983794979476,0.04320860314755095,0.459802538787024,-0.01660474120909028,0.05741641901369046,-0.005321905938023619
oos_all,1,financial_direct_sparse,us10y,709,0.05514579168237484,0.043062193080345035,0.48801128349788436,-0.010205866283347279,0.05528851718500122,0.0025814673623604234
oos_all,1,financial_direct_sparse,wti,709,2.145275148638007,1.3838294438189864,0.5077574047954866,-0.002739258842226032,2.150582376292106,0.002467809516438657
oos_all,1,financial_direct_sparse,brent,709,0.02648267053307506,0.018220421890979666,0.5472496473906912,0.09982554580800136,0.026955646945462954,0.01754646858763309
oos_all,1,financial_direct_sparse,henry_hub,709,0.11261715570084892,0.055046422267522446,0.4936530324400564,0.03173420175409341,0.11333288487814938,0.006315282436073044
oos_all,1,full_direct_sparse,audusd,709,0.0056001233192760425,0.004264406643191287,0.5416078984485191,0.2799337080803014,0.005845024471019471,0.041899080655296794
oos_all,1,full_direct_sparse,brlusd,709,0.007032449506799229,0.005349305931756804,0.5260930888575458,0.06605623850699711,0.00703013073463923,-0.0003298334337615838
oos_all,1,full_direct_sparse,cnyusd,709,0.001754485537916839,0.0011989956309594815,0.47531734837799716,0.060415371155032864,0.0017404711193366776,-0.008052083383895736
oos_all,1,full_direct_sparse,krwusd,709,0.005779372371177117,0.004234535443039589,0.5500705218617772,0.2288339208749013,0.0059141072781534005,0.022781951804288547
oos_all,1,full_direct_sparse,eurusd,709,0.004228792124875703,0.0031018616657445515,0.5416078984485191,0.0863549081807571,0.004240076093967116,0.0026612657040443466
oos_all,1,full_direct_sparse,sp500,709,0.009517268391096173,0.0065707246490855145,0.5458392101551481,0.012183089788476318,0.009453792059832843,-0.006714377771543045
oos_all,1,full_direct_sparse,vix,709,1.8712817830594664,1.0451504295505454,0.5218617771509168,0.11741149992936474,1.8765260566949247,0.0027946713645399246
oos_all,1,full_direct_sparse,us2y,709,0.057740871078227445,0.04319599096801234,0.44851904090267986,-0.011206898484741394,0.05741641901369046,-0.005650858589067109
oos_all,1,full_direct_sparse,us10y,709,0.055301523331203604,0.04321562156376884,0.48801128349788436,-0.0386829702432155,0.05528851718500122,-0.00023524136411312568
oos_all,1,full_direct_sparse,wti,709,2.144890598013715,1.3872862938630914,0.5077574047954866,0.003056748671334785,2.150582376292106,0.0026466218365484018
oos_all,1,full_direct_sparse,brent,709,0.026476696885518743,0.018350709130756787,0.5204513399153737,0.10999417685133231,0.026955646945462954,0.01776807883384246
oos_all,1,full_direct_sparse,henry_hub,709,0.1136728472834135,0.05612135682309662,0.48660084626234135,-0.014062605512928223,0.11333288487814938,-0.0029996801513489935
oos_all,1,survival_refit_full,audusd,709,0.005606972422468002,0.00428024475648737,0.5218617771509168,0.2736464352798162,0.005845024471019471,0.04072729716218759
oos_all,1,survival_refit_full,brlusd,709,0.007150790641399272,0.005424045196603078,0.4908321579689704,-0.013474119394154693,0.00703013073463923,-0.01716325219465964
oos_all,1,survival_refit_full,cnyusd,709,0.001774577027454582,0.001211666131558508,0.46685472496473907,0.010529062771192076,0.0017404711193366776,-0.01959579089764074
oos_all,1,survival_refit_full,krwusd,709,0.005730119252166076,0.004201662852231372,0.5782792665726375,0.26069717584938945,0.0059141072781534005,0.03111002512027017
oos_all,1,survival_refit_full,eurusd,709,0.004283989934132978,0.0031536850846028775,0.5317348377997179,0.0437798127168991,0.004240076093967116,-0.010356851903753128
oos_all,1,survival_refit_full,sp500,709,0.009575231658653142,0.006662320670581769,0.5021156558533145,0.010925955271426088,0.009453792059832843,-0.01284559656608808
oos_all,1,survival_refit_full,vix,709,1.89050282742459,1.062235490488627,0.5133991537376587,0.06637260438916925,1.8765260566949247,-0.0074482156428365975
oos_all,1,survival_refit_full,us2y,709,0.057735573491311656,0.04323733548952661,0.4527503526093089,-8.462572617619914e-05,0.05741641901369046,-0.005558592526383244
oos_all,1,survival_refit_full,us10y,709,0.05516109201686795,0.043353680982308185,0.4767277856135402,-0.005859264773757562,0.05528851718500122,0.0023047311561438244
oos_all,1,survival_refit_full,wti,709,2.1706501296258334,1.4129081773575032,0.4992947813822285,-0.05216967569323672,2.150582376292106,-0.009331311162479983
oos_all,1,survival_refit_full,brent,709,0.026947512144552634,0.01848750225070843,0.5133991537376587,0.038167619293036616,0.026955646945462954,0.00030178466600261356
oos_all,1,survival_refit_full,henry_hub,709,0.11400524830017734,0.05686598943446449,0.46403385049365303,0.011823579167749239,0.11333288487814938,-0.005932641904870417
development,1,ar,audusd,332,0.005615718621267888,0.004358167902152641,0.4939759036144578,0.10228580645149075,0.005615718621267888,0.0
development,1,ar,brlusd,332,0.007184971253180403,0.005515241675510326,0.4759036144578313,-0.021379789712290945,0.007184971253180403,0.0
development,1,ar,cnyusd,332,0.0019713143697827136,0.0012259437174712755,0.49096385542168675,0.07275779043993316,0.0019713143697827136,0.0
development,1,ar,krwusd,332,0.0053704050942071134,0.003921510362288394,0.5030120481927711,0.03440755552927196,0.0053704050942071134,0.0
development,1,ar,eurusd,332,0.003989786652668771,0.002971669509813362,0.536144578313253,0.01651623324961791,0.003989786652668771,0.0
development,1,ar,sp500,332,0.007950049162536358,0.006003683063129271,0.5,-0.058290653078061395,0.007950049162536358,0.0
development,1,ar,vix,332,1.6230865304947135,0.852449384121052,0.5180722891566265,0.14313937767862508,1.6230865304947135,0.0
development,1,ar,us2y,332,0.06426158904756347,0.04803493912516371,0.46686746987951805,-0.0010586901871121068,0.06426158904756347,0.0
development,1,ar,us10y,332,0.06335158780525886,0.049816432803180634,0.4608433734939759,-0.08612212301919135,0.06335158780525886,0.0
development,1,ar,wti,332,1.4480151474331922,1.1324513526890148,0.5030120481927711,-0.02507284464962154,1.4480151474331922,0.0
development,1,ar,brent,332,0.018696981816072503,0.01428385932351634,0.5,0.04445877908337419,0.018696981816072503,0.0
development,1,ar,henry_hub,332,0.11031040628781072,0.05809195375047999,0.49096385542168675,0.007535486108197709,0.11031040628781072,0.0
development,1,financial_direct_sparse,audusd,332,0.005594955142789405,0.004346312136581468,0.5451807228915663,0.14818015302476611,0.005615718621267888,0.0036973858340850763
development,1,financial_direct_sparse,brlusd,332,0.007271605569648199,0.005524804282250509,0.5,-0.05748160028262295,0.007184971253180403,-0.012057712329669679
development,1,financial_direct_sparse,cnyusd,332,0.001967877531830538,0.0012799666593019243,0.49096385542168675,0.11841848509333026,0.0019713143697827136,0.0017434245926762904
development,1,financial_direct_sparse,krwusd,332,0.004944251487650303,0.003675394363951894,0.6144578313253012,0.39795441590493263,0.0053704050942071134,0.07935222745421733
development,1,financial_direct_sparse,eurusd,332,0.00398462524850657,0.0029698139646314845,0.5030120481927711,0.0912939231778846,0.003989786652668771,0.0012936541754052788
development,1,financial_direct_sparse,sp500,332,0.00794925391150785,0.006027110769812784,0.536144578313253,0.00788305988944188,0.007950049162536358,0.00010003095732491474
development,1,financial_direct_sparse,vix,332,1.6256408728106353,0.8527211080779552,0.5301204819277109,0.13236032327653804,1.6230865304947135,-0.0015737560924389271
development,1,financial_direct_sparse,us2y,332,0.06444549279775164,0.04840884853071938,0.4879518072289157,0.00513151306463772,0.06426158904756347,-0.002861798983091468
development,1,financial_direct_sparse,us10y,332,0.0630698790659577,0.049135328288490654,0.4789156626506024,-0.026968643031569817,0.06335158780525886,0.004446751045405817
development,1,financial_direct_sparse,wti,332,1.4536809615289703,1.1357116135091374,0.49698795180722893,0.011340331262640176,1.4480151474331922,-0.003912814106828755
development,1,financial_direct_sparse,brent,332,0.017973632324016813,0.01353672465820347,0.5783132530120482,0.19959822510090455,0.018696981816072503,0.03868803527603992
development,1,financial_direct_sparse,henry_hub,332,0.10952231588140132,0.0579682755866835,0.5120481927710844,0.0017643640398173138,0.11031040628781072,0.007144297921931275
development,1,full_direct_sparse,audusd,332,0.005659149261736687,0.0043953923509341825,0.536144578313253,0.11897989609892826,0.005615718621267888,-0.007733763637002289
development,1,full_direct_sparse,brlusd,332,0.007300400779186533,0.005546272302843519,0.5331325301204819,-0.03270006691877753,0.007184971253180403,-0.01606541236404202
development,1,full_direct_sparse,cnyusd,332,0.0020119079792967147,0.001345042936045515,0.46987951807228917,0.050944656953454535,0.0019713143697827136,-0.02059215421763283
development,1,full_direct_sparse,krwusd,332,0.0049524482048311546,0.0036864133139838887,0.6024096385542169,0.3938205760495595,0.0053704050942071134,0.07782595205467757
development,1,full_direct_sparse,eurusd,332,0.004019804449975184,0.002978371930188555,0.5421686746987951,0.07122117917228275,0.003989786652668771,-0.007523659764196777
development,1,full_direct_sparse,sp500,332,0.007985316464689274,0.006052121084459886,0.536144578313253,-0.016920738768823478,0.007950049162536358,-0.00443611120282239
development,1,full_direct_sparse,vix,332,1.6292237704369772,0.8553817309852656,0.5090361445783133,0.11678502199947048,1.6230865304947135,-0.0037812154971139655
development,1,full_direct_sparse,us2y,332,0.06441806070816203,0.04827171531335966,0.4578313253012048,0.004995004324380408,0.06426158904756347,-0.0024349173887179276
development,1,full_direct_sparse,us10y,332,0.06325230068618508,0.04940994166728435,0.4789156626506024,-0.0528554449190309,0.06335158780525886,0.0015672396306622982
development,1,full_direct_sparse,wti,332,1.4553724022917853,1.139342712990792,0.5060240963855421,0.011474041301612588,1.4480151474331922,-0.005080923961075179
development,1,full_direct_sparse,brent,332,0.018183692606618247,0.013809156894014915,0.5481927710843374,0.2185242603825545,0.018696981816072503,0.02745305175474988
development,1,full_direct_sparse,henry_hub,332,0.1112145259059616,0.05981385479679723,0.49096385542168675,-0.050005898860636826,0.11031040628781072,-0.008196140768369053
development,1,survival_refit_full,audusd,332,0.005719305345551501,0.0044522982277845225,0.49698795180722893,0.05326049108447565,0.005615718621267888,-0.018445853731222872
development,1,survival_refit_full,brlusd,332,0.007336599869575682,0.005581361239522937,0.49096385542168675,-0.03981485163573513,0.007184971253180403,-0.021103580105231723
development,1,survival_refit_full,cnyusd,332,0.0020228366312956872,0.0013352195646190571,0.46987951807228917,-0.0007813036560028217,0.0019713143697827136,-0.026135994493183157
development,1,survival_refit_full,krwusd,332,0.004932441745716844,0.003668274339284321,0.6265060240963856,0.40019482392831895,0.0053704050942071134,0.08155126863012374
development,1,survival_refit_full,eurusd,332,0.0040489065038134785,0.0030333744731017393,0.5301204819277109,0.029725150327583286,0.003989786652668771,-0.014817797614607331
development,1,survival_refit_full,sp500,332,0.008102071044648104,0.006183550379553353,0.48493975903614456,-0.048967058757736805,0.007950049162536358,-0.01912213107160765
development,1,survival_refit_full,vix,332,1.6289469137861874,0.8598248710253693,0.5210843373493976,0.12528266283271522,1.6230865304947135,-0.00361064131909683
development,1,survival_refit_full,us2y,332,0.06453981209612143,0.04848882464777711,0.46686746987951805,0.005264929050301963,0.06426158904756347,-0.004329538884449757
development,1,survival_refit_full,us10y,332,0.06322779943312487,0.04963858582928559,0.463855421686747,-0.05967273233043849,0.06335158780525886,0.0019539900485922024
development,1,survival_refit_full,wti,332,1.4845233220219156,1.1655295960380312,0.4789156626506024,-0.06010378014183184,1.4480151474331922,-0.02521256400766192
development,1,survival_refit_full,brent,332,0.018036406259394063,0.01369077029808576,0.5632530120481928,0.20064940959619296,0.018696981816072503,0.03533059844507036
development,1,survival_refit_full,henry_hub,332,0.11108734544019253,0.06039009593776036,0.4789156626506024,0.0030553942475202767,0.11031040628781072,-0.007043208148057145
reused_holdout,1,ar,audusd,377,0.00603975476782983,0.004347328719636383,0.44297082228116713,-0.035583247105601575,0.00603975476782983,0.0
reused_holdout,1,ar,brlusd,377,0.00689089196118268,0.005197526445518357,0.4880636604774536,0.05358011279886047,0.00689089196118268,0.0
reused_holdout,1,ar,cnyusd,377,0.0015082024056525018,0.0010598918774511247,0.5092838196286472,-0.0783147126050161,0.0015082024056525018,0.0
reused_holdout,1,ar,krwusd,377,0.006354505100351536,0.004665525274559316,0.5225464190981433,0.10772957480900312,0.006354505100351536,0.0
reused_holdout,1,ar,eurusd,377,0.0044488450872673235,0.003289558257764069,0.47480106100795755,-0.017294646737309082,0.0044488450872673235,0.0
reused_holdout,1,ar,sp500,377,0.010602888245241415,0.006982386437281327,0.5251989389920424,0.11326970377274512,0.010602888245241415,0.0
reused_holdout,1,ar,vix,377,2.074228051361969,1.2191229380795072,0.5225464190981433,0.08658325082851283,2.074228051361969,0.0
reused_holdout,1,ar,us2y,377,0.050627631625307694,0.038412184356398676,0.44562334217506633,0.04408299195573355,0.050627631625307694,0.0
reused_holdout,1,ar,us10y,377,0.047057412111086536,0.03789576064370772,0.47214854111405835,0.005374975283742239,0.047057412111086536,0.0
reused_holdout,1,ar,wti,377,2.61753317929647,1.6146962218081822,0.5358090185676393,-0.06813341339827884,2.61753317929647,0.0
reused_holdout,1,ar,brent,377,0.03253664275296349,0.022521783465006315,0.5278514588859416,0.009727121108614636,0.03253664275296349,0.0
reused_holdout,1,ar,henry_hub,377,0.11592935488730463,0.05326126158020694,0.4588859416445623,0.05165999693787437,0.11592935488730463,0.0
reused_holdout,1,financial_direct_sparse,audusd,377,0.0055495212692036715,0.004158034953146578,0.5411140583554377,0.4057185552284361,0.00603975476782983,0.08116778204925468
reused_holdout,1,financial_direct_sparse,brlusd,377,0.006778092713651231,0.005170689568550966,0.4880636604774536,0.1891751932238101,0.00689089196118268,0.016369324634149307
reused_holdout,1,financial_direct_sparse,cnyusd,377,0.0014874132199007902,0.001071270076564671,0.5013262599469496,0.1230250789397138,0.0015082024056525018,0.01378408207929982
reused_holdout,1,financial_direct_sparse,krwusd,377,0.006420381917306262,0.00471262665153865,0.5145888594164456,0.0861683093209902,0.006354505100351536,-0.010366946900566942
reused_holdout,1,financial_direct_sparse,eurusd,377,0.0043988190369055775,0.0032100646616627457,0.5384615384615384,0.12854234093734546,0.0044488450872673235,0.01124472742485938
reused_holdout,1,financial_direct_sparse,sp500,377,0.010673433038219637,0.007008288470982809,0.5490716180371353,0.04217040468147798,0.010602888245241415,-0.0066533562692110415
reused_holdout,1,financial_direct_sparse,vix,377,2.0594197845961655,1.2113289253943242,0.53315649867374,0.12453216524499706,2.074228051361969,0.007139170042599785
reused_holdout,1,financial_direct_sparse,us2y,377,0.051073257939283974,0.03862907670932305,0.4350132625994695,-0.06417811333840308,0.050627631625307694,-0.008802037537018137
reused_holdout,1,financial_direct_sparse,us10y,377,0.047075692787446895,0.03771396791030699,0.4960212201591512,0.009713939333434332,0.047057412111086536,-0.0003884760240788765
reused_holdout,1,financial_direct_sparse,wti,377,2.6065542491856126,1.6023310874870755,0.5172413793103449,-0.008446029678111677,2.61753317929647,0.004194380494465522
reused_holdout,1,financial_direct_sparse,brent,377,0.03216301272807512,0.022345057119843584,0.519893899204244,0.0673098858437469,0.03253664275296349,0.011483361320501873
reused_holdout,1,financial_direct_sparse,henry_hub,377,0.11527380087140572,0.05247333128088725,0.47745358090185674,0.07544517309118992,0.11592935488730463,0.005654771533372016
reused_holdout,1,full_direct_sparse,audusd,377,0.005547622881559576,0.004149055834250593,0.5464190981432361,0.40797830183672645,0.00603975476782983,0.08148209740096524
reused_holdout,1,full_direct_sparse,brlusd,377,0.006787728365736404,0.005175850135468237,0.519893899204244,0.17449206407661133,0.00689089196118268,0.01497100753101499
reused_holdout,1,full_direct_sparse,cnyusd,377,0.0014914404350313982,0.0010703810280720458,0.48010610079575594,0.11889255812606933,0.0015082024056525018,0.01111387341532033
reused_holdout,1,full_direct_sparse,krwusd,377,0.006419989724328148,0.00471723185377299,0.5039787798408488,0.08626421522842855,0.006354505100351536,-0.010305228014214629
reused_holdout,1,full_direct_sparse,eurusd,377,0.004404630820715026,0.00321061124718909,0.5411140583554377,0.11803553449914353,0.0044488450872673235,0.009938369550973936
reused_holdout,1,full_direct_sparse,sp500,377,0.010686019434006341,0.0070274259314614,0.5543766578249337,0.032003026883898056,0.010602888245241415,-0.00784042864945178
reused_holdout,1,full_direct_sparse,vix,377,2.0610388861871303,1.212267691947556,0.53315649867374,0.11857327936986306,2.074228051361969,0.00635858972506842
reused_holdout,1,full_direct_sparse,us2y,377,0.05114383616736398,0.03872612231375424,0.4403183023872679,-0.04265120618139451,0.050627631625307694,-0.010196102908322624
reused_holdout,1,full_direct_sparse,us10y,377,0.047203546159306504,0.03776067653892229,0.4960212201591512,-0.017520577826161343,0.047057412111086536,-0.003105441665066433
reused_holdout,1,full_direct_sparse,wti,377,2.605127490409505,1.6056344870981136,0.5092838196286472,0.0033814977447473218,2.61753317929647,0.004739458122284157
reused_holdout,1,full_direct_sparse,brent,377,0.032049583484528604,0.02235016627292735,0.4960212201591512,0.08631233294889724,0.03253664275296349,0.014969561307628165
reused_holdout,1,full_direct_sparse,henry_hub,377,0.11579452551027541,0.05286960794440007,0.4827586206896552,0.03235412910810268,0.11592935488730463,0.0011630305125072127
reused_holdout,1,survival_refit_full,audusd,377,0.005506150521244695,0.004128728171684574,0.5437665782493368,0.4076136221824907,0.00603975476782983,0.08834866101308048
reused_holdout,1,survival_refit_full,brlusd,377,0.006983067318830454,0.0052855069306895685,0.4907161803713528,0.01771259059069463,0.00689089196118268,-0.013376404414263021
reused_holdout,1,survival_refit_full,cnyusd,377,0.001522796240309102,0.0011028604557598283,0.46419098143236076,0.03386571544154841,0.0015082024056525018,-0.009676310422198409
reused_holdout,1,survival_refit_full,krwusd,377,0.006350144251116167,0.004671384301298801,0.5358090185676393,0.14541393217538098,0.006354505100351536,0.000686261033157054
reused_holdout,1,survival_refit_full,eurusd,377,0.004480811487995709,0.0032596350130335875,0.53315649867374,0.0581526252129705,0.0044488450872673235,-0.007185325652240504
reused_holdout,1,survival_refit_full,sp500,377,0.010705987335870614,0.007083943314139951,0.5172413793103449,0.04872939004665357,0.010602888245241415,-0.009723679835583532
reused_holdout,1,survival_refit_full,vix,377,2.0939569961185214,1.240485691183061,0.506631299734748,0.033505442293327886,2.074228051361969,-0.009511463671315168
reused_holdout,1,survival_refit_full,us2y,377,0.05099720390221196,0.03861268190719461,0.4403183023872679,-0.009513395572888446,0.050627631625307694,-0.007299813659849885
reused_holdout,1,survival_refit_full,us10y,377,0.04692260208757537,0.03781896371653498,0.4880636604774536,0.05637673248058541,0.047057412111086536,0.002864798922493361
reused_holdout,1,survival_refit_full,wti,377,2.6306427972901365,1.6307588113046245,0.5172413793103449,-0.04974456532177439,2.61753317929647,-0.005008386559283373
reused_holdout,1,survival_refit_full,brent,377,0.032850833821089574,0.022711679991479584,0.46949602122015915,-0.023296564505502375,0.03253664275296349,-0.00965653003942668
reused_holdout,1,survival_refit_full,henry_hub,377,0.11651436514527082,0.053762532248538185,0.4509283819628647,0.0229461011169336,0.11592935488730463,-0.005046265102871317
oos_all,5,ar,audusd,705,0.012264301401670832,0.009490885497289143,0.4907801418439716,0.03643163417342361,0.012264301401670832,0.0
oos_all,5,ar,brlusd,705,0.015089094446187303,0.01180225435767902,0.4666666666666667,0.023376766186924205,0.015089094446187303,0.0
oos_all,5,ar,cnyusd,705,0.0037406044973127394,0.0026712987032950003,0.5375886524822695,-0.033905547929334416,0.0037406044973127394,0.0
oos_all,5,ar,krwusd,705,0.01178068131718831,0.009047709227033162,0.5290780141843971,0.045775668274821255,0.01178068131718831,0.0
oos_all,5,ar,eurusd,705,0.009085401995876744,0.006942221222139248,0.5035460992907801,-0.04764878142452277,0.009085401995876744,0.0
oos_all,5,ar,sp500,705,0.020384103573660446,0.014995212876196836,0.5886524822695035,-0.0170542840956265,0.020384103573660446,0.0
oos_all,5,ar,vix,705,3.738905000051138,2.2763905186947393,0.5120567375886524,0.1759188818221394,3.738905000051138,0.0
oos_all,5,ar,us2y,705,0.11605580882273568,0.0889041561832934,0.48226950354609927,-0.04902862614533177,0.11605580882273568,0.0
oos_all,5,ar,us10y,705,0.11996663429307572,0.09287242107170379,0.526241134751773,-0.09206169548971496,0.11996663429307572,0.0
oos_all,5,ar,wti,705,4.484383228958661,3.101678110778865,0.5390070921985816,0.057112695929054144,4.484383228958661,0.0
oos_all,5,ar,brent,705,0.05818119100321548,0.04186924192716905,0.49645390070921985,0.009491353035178833,0.05818119100321548,0.0
oos_all,5,ar,henry_hub,705,0.24055368613548658,0.12355901596608708,0.5347517730496454,0.17436181332238698,0.24055368613548658,0.0
oos_all,5,financial_direct_sparse,audusd,705,0.012202914847050694,0.009457049442924432,0.49929078014184397,0.0880924733430083,0.012264301401670832,0.0050053038171236075
oos_all,5,financial_direct_sparse,brlusd,705,0.01517711198624259,0.011859849559735808,0.4524822695035461,-0.010481541631214904,0.015089094446187303,-0.005833189020665541
oos_all,5,financial_direct_sparse,cnyusd,705,0.0037035499322485414,0.0026461807969843107,0.550354609929078,0.08607900719334247,0.0037406044973127394,0.00990603660205669
oos_all,5,financial_direct_sparse,krwusd,705,0.011746552121601046,0.009013427145804687,0.5404255319148936,0.08744142596647336,0.01178068131718831,0.0028970476892086205
oos_all,5,financial_direct_sparse,eurusd,705,0.00910154574324497,0.006954131418443405,0.4808510638297872,-0.017970147645799885,0.009085401995876744,-0.0017768886148958885
oos_all,5,financial_direct_sparse,sp500,705,0.020233581653810197,0.014791564908151568,0.5943262411347517,0.07615079802038591,0.020384103573660446,0.007384279583662834
oos_all,5,financial_direct_sparse,vix,705,3.753089098791675,2.26216867220234,0.5205673758865248,0.14951383871934715,3.738905000051138,-0.00379365047797231
oos_all,5,financial_direct_sparse,us2y,705,0.11613600096346711,0.08908090052417478,0.48226950354609927,-0.10322108216441821,0.11605580882273568,-0.0006909791206910487
oos_all,5,financial_direct_sparse,us10y,705,0.11942599374157845,0.09258420130229357,0.5290780141843971,-0.0743714029891081,0.11996663429307572,0.00450659097575834
oos_all,5,financial_direct_sparse,wti,705,4.4876615976511,3.1082158041255847,0.5148936170212766,-0.034314881751244045,4.484383228958661,-0.0007310634540038663
oos_all,5,financial_direct_sparse,brent,705,0.05832665377247702,0.04191447880796074,0.5092198581560283,-0.0029428376245812095,0.05818119100321548,-0.0025001682975775985
oos_all,5,financial_direct_sparse,henry_hub,705,0.24131402786051925,0.12271068000394882,0.5475177304964539,0.14747832277542688,0.24055368613548658,-0.0031607984780761544
oos_all,5,full_direct_sparse,audusd,705,0.012900553983127339,0.009976497858274074,0.5063829787234042,-0.04664692618761795,0.012264301401670832,-0.051878420190311525
oos_all,5,full_direct_sparse,brlusd,705,0.01567038066547334,0.012138617647419752,0.5078014184397163,-0.017741051179225267,0.015089094446187303,-0.03852359870627731
oos_all,5,full_direct_sparse,cnyusd,705,0.004149019028668359,0.0031101208741371885,0.4595744680851064,-0.17067223693404557,0.0037406044973127394,-0.10918409889338077
oos_all,5,full_direct_sparse,krwusd,705,0.011857809007639733,0.009088629026666252,0.5290780141843971,0.0484411210472032,0.01178068131718831,-0.006546963488341939
oos_all,5,full_direct_sparse,eurusd,705,0.009598858489187033,0.00741201930960577,0.4950354609929078,-0.13175895980911634,0.009085401995876744,-0.056514449613050965
oos_all,5,full_direct_sparse,sp500,705,0.020967951623318038,0.015462459633255437,0.5659574468085107,-0.059479389737239007,0.020384103573660446,-0.028642321579057217
oos_all,5,full_direct_sparse,vix,705,3.816942547837546,2.3293947202607788,0.5191489361702127,0.05517572215819301,3.738905000051138,-0.020871765339140813
oos_all,5,full_direct_sparse,us2y,705,0.11848792112702444,0.09074157063309304,0.46382978723404256,-0.09273155280941175,0.11605580882273568,-0.020956403035401472
oos_all,5,full_direct_sparse,us10y,705,0.1222872179697459,0.0945938327363791,0.4907801418439716,-0.12078273049210007,0.11996663429307572,-0.019343575739576346
oos_all,5,full_direct_sparse,wti,705,4.529482641922168,3.1492139610881633,0.4950354609929078,-0.03519532666258226,4.484383228958661,-0.010056993495174416
oos_all,5,full_direct_sparse,brent,705,0.059390506307214,0.043334127219482155,0.4794326241134752,0.03858482649612752,0.05818119100321548,-0.020785330845696892
oos_all,5,full_direct_sparse,henry_hub,705,0.24826888809772635,0.13154210936680671,0.4851063829787234,0.04136490698961435,0.24055368613548658,-0.03207268234457383
oos_all,5,survival_refit_full,audusd,705,0.012798618051562714,0.009933845115529867,0.48652482269503544,-0.07162470805281636,0.012264301401670832,-0.04356682312284721
oos_all,5,survival_refit_full,brlusd,705,0.015529738956546538,0.012028571368861611,0.5134751773049645,0.0472974412481127,0.015089094446187303,-0.029202846594321485
oos_all,5,survival_refit_full,cnyusd,705,0.0039751216770627954,0.0028014951366267813,0.5446808510638298,-0.14038400639429563,0.0037406044973127394,-0.06269499486474284
oos_all,5,survival_refit_full,krwusd,705,0.011962955285364518,0.00907238650694231,0.5432624113475177,0.03966411901343159,0.01178068131718831,-0.015472277304561688
oos_all,5,survival_refit_full,eurusd,705,0.00943929660562815,0.007275801359744878,0.500709219858156,-0.09056447341159865,0.009085401995876744,-0.03895200343496241
oos_all,5,survival_refit_full,sp500,705,0.02101633052547964,0.015262839971771485,0.5716312056737589,-0.04854249893203364,0.020384103573660446,-0.031015685803133852
oos_all,5,survival_refit_full,vix,705,3.7811248716710306,2.3080003232601434,0.5290780141843971,0.1339560246136948,3.738905000051138,-0.01129204181954746
oos_all,5,survival_refit_full,us2y,705,0.11671807833736379,0.08926718967357751,0.500709219858156,0.010904374481283459,0.11605580882273568,-0.00570647450865347
oos_all,5,survival_refit_full,us10y,705,0.12303617607597464,0.09551967916267097,0.49361702127659574,-0.1257536677114603,0.11996663429307572,-0.025586629157237972
oos_all,5,survival_refit_full,wti,705,4.528476207165187,3.1532036138576367,0.5078014184397163,0.007750352885620753,4.484383228958661,-0.009832562462946504
oos_all,5,survival_refit_full,brent,705,0.0597243548036672,0.04342454561061532,0.4794326241134752,-0.03271812667576349,0.05818119100321548,-0.026523413732909562
oos_all,5,survival_refit_full,henry_hub,705,0.24874088928277766,0.13784939155727835,0.48226950354609927,0.11357943632874669,0.24055368613548658,-0.034034827230541076
development,5,ar,audusd,332,0.011625039837746041,0.009533214796593897,0.42168674698795183,-0.07688814382524568,0.011625039837746041,0.0
development,5,ar,brlusd,332,0.01542134677413375,0.012123710293030533,0.4246987951807229,0.06591960161337256,0.01542134677413375,0.0
development,5,ar,cnyusd,332,0.004201398345576035,0.002919631783078385,0.4819277108433735,0.07092208047061502,0.004201398345576035,0.0
development,5,ar,krwusd,332,0.010990797024686656,0.008356177345731101,0.536144578313253,-0.02723732577954237,0.010990797024686656,0.0
development,5,ar,eurusd,332,0.007872411586668468,0.006289428504451747,0.4819277108433735,-0.09625150765803306,0.007872411586668468,0.0
development,5,ar,sp500,332,0.01773911601792112,0.013605353569176736,0.6054216867469879,-0.03441022103265441,0.01773911601792112,0.0
development,5,ar,vix,332,3.008894355685094,1.8469251462898284,0.5240963855421686,0.3006380877373072,3.008894355685094,0.0
development,5,ar,us2y,332,0.13115134796690991,0.10089189527648519,0.4759036144578313,-0.05221106890499367,0.13115134796690991,0.0
development,5,ar,us10y,332,0.1368574358637764,0.10946207432943397,0.5180722891566265,-0.1315788012191694,0.1368574358637764,0.0
development,5,ar,wti,332,3.148133332968529,2.450786497766909,0.5451807228915663,0.11543155945385238,3.148133332968529,0.0
development,5,ar,brent,332,0.0402151356846155,0.03177642249572267,0.48493975903614456,0.013918921058866981,0.0402151356846155,0.0
development,5,ar,henry_hub,332,0.2152303895816455,0.11959645010511563,0.536144578313253,0.10209365803458492,0.2152303895816455,0.0
development,5,financial_direct_sparse,audusd,332,0.011413833412020633,0.009336424963065403,0.49096385542168675,0.10735097412850765,0.011625039837746041,0.018168232425288533
development,5,financial_direct_sparse,brlusd,332,0.015464526355900777,0.012137765770541264,0.4307228915662651,0.017952022405102224,0.01542134677413375,-0.002799987731256559
development,5,financial_direct_sparse,cnyusd,332,0.004170927491025989,0.0028752201664513657,0.5602409638554217,0.14616340315903387,0.004201398345576035,0.007252550709011318
development,5,financial_direct_sparse,krwusd,332,0.010762318564146832,0.008204154792361803,0.5903614457831325,0.1868744784759711,0.010990797024686656,0.020788161224944313
development,5,financial_direct_sparse,eurusd,332,0.007838193035558605,0.006269050085341487,0.4759036144578313,0.03534368957759253,0.007872411586668468,0.004346641525680761
development,5,financial_direct_sparse,sp500,332,0.017602628867849697,0.013425337320883088,0.5873493975903614,0.0665277367025357,0.01773911601792112,0.007694134811088382
development,5,financial_direct_sparse,vix,332,3.0841075121502204,1.8473059060689863,0.5301204819277109,0.20631867438462234,3.008894355685094,-0.02499694159185628
development,5,financial_direct_sparse,us2y,332,0.1312615275210753,0.10115443313294743,0.47289156626506024,-0.13006082416060435,0.13115134796690991,-0.000840094714033679
development,5,financial_direct_sparse,us10y,332,0.13616454322527913,0.1087323565869714,0.5271084337349398,-0.1311706527890226,0.1368574358637764,0.005062879003424947
development,5,financial_direct_sparse,wti,332,3.1759855875740977,2.4576593780508054,0.5210843373493976,-0.00027622601681364083,3.148133332968529,-0.008847228392104167
development,5,financial_direct_sparse,brent,332,0.04040321237979092,0.03181977273142833,0.4879518072289157,0.03544387865707692,0.0402151356846155,-0.004676763909250425
development,5,financial_direct_sparse,henry_hub,332,0.21373710446830593,0.11853535981282175,0.5542168674698795,0.09399343457226013,0.2152303895816455,0.006938077453849112
development,5,full_direct_sparse,audusd,332,0.01270070867177904,0.01044226839231,0.5090361445783133,-0.08785531702308516,0.011625039837746041,-0.09253033529746246
development,5,full_direct_sparse,brlusd,332,0.01610839956785336,0.01258245823905655,0.49096385542168675,0.006443573329489934,0.01542134677413375,-0.04455206174807014
development,5,full_direct_sparse,cnyusd,332,0.004899957859126645,0.0037352775650846175,0.40963855421686746,-0.1889850020372428,0.004201398345576035,-0.1662683364185582
development,5,full_direct_sparse,krwusd,332,0.010987369021595573,0.008343132685433225,0.5542168674698795,0.10190709664595907,0.010990797024686656,0.00031189758880845186
development,5,full_direct_sparse,eurusd,332,0.008836250387145337,0.007134811925909594,0.49698795180722893,-0.0867247179178642,0.007872411586668468,-0.12243247064331353
development,5,full_direct_sparse,sp500,332,0.019114947984755083,0.014529062194444794,0.572289156626506,-0.20231734127397802,0.01773911601792112,-0.07755921802664889
development,5,full_direct_sparse,vix,332,3.1925151336715647,1.9572271423001186,0.5481927710843374,0.0369341393600127,3.008894355685094,-0.06102599702097611
development,5,full_direct_sparse,us2y,332,0.13322258397591735,0.10105621098297045,0.5,-0.17158563683742553,0.13115134796690991,-0.015792716133806062
development,5,full_direct_sparse,us10y,332,0.13992500768669844,0.11126263720878381,0.4939759036144578,-0.19174540845475443,0.1368574358637764,-0.022414359903508485
development,5,full_direct_sparse,wti,332,3.2745375738349423,2.5488998125420133,0.5060240963855421,-0.12315088856369899,3.148133332968529,-0.040152124289863034
development,5,full_direct_sparse,brent,332,0.04310378247064269,0.034678178426305446,0.4789156626506024,0.0919278778637847,0.0402151356846155,-0.07182984060233455
development,5,full_direct_sparse,henry_hub,332,0.2185419643122927,0.12973996399491092,0.5150602409638554,0.05327784888127023,0.2152303895816455,-0.015386185645456907
development,5,survival_refit_full,audusd,332,0.012406789327124147,0.010184087246194165,0.44879518072289154,-0.13240524937249948,0.011625039837746041,-0.06724703745442628
development,5,survival_refit_full,brlusd,332,0.016026728571007766,0.012603889465108887,0.4789156626506024,-0.002500670381415947,0.01542134677413375,-0.039256091296087314
development,5,survival_refit_full,cnyusd,332,0.004636139852995631,0.0032197318202392576,0.5150602409638554,-0.16472146981089966,0.004201398345576035,-0.10347543166845097
development,5,survival_refit_full,krwusd,332,0.01083541911006533,0.008253415137501198,0.5512048192771084,0.17936240020523722,0.010990797024686656,0.01413709253954265
development,5,survival_refit_full,eurusd,332,0.008458680258255266,0.006869712478706686,0.5,-0.039126603667978065,0.007872411586668468,-0.07447129321586976
development,5,survival_refit_full,sp500,332,0.019086184354566504,0.01456097982434273,0.5421686746987951,-0.19470923530379286,0.01773911601792112,-0.07593773755605948
development,5,survival_refit_full,vix,332,3.145110412802093,1.9509534423140666,0.5301204819277109,0.12708497563471702,3.008894355685094,-0.04527113318539344
development,5,survival_refit_full,us2y,332,0.13227483764636136,0.10092158246475165,0.48493975903614456,-0.06879383216481823,0.13115134796690991,-0.00856636013939327
development,5,survival_refit_full,us10y,332,0.14247030963159513,0.11456918879863495,0.47289156626506024,-0.18372238604900437,0.1368574358637764,-0.04101255976624896
development,5,survival_refit_full,wti,332,3.21420697295339,2.483787792094778,0.5271084337349398,-0.01696129855974942,3.148133332968529,-0.020988196177370133
development,5,survival_refit_full,brent,332,0.041574522111360056,0.0333979273800719,0.5120481927710844,0.12771902732341575,0.0402151356846155,-0.03380285565627461
development,5,survival_refit_full,henry_hub,332,0.2183304540099404,0.13593372916707988,0.5210843373493976,0.15028260186752324,0.2152303895816455,-0.014403469855351902
reused_holdout,5,ar,audusd,373,0.012806482172949373,0.00945320901640663,0.5522788203753352,0.13806670124924067,0.012806482172949373,0.0
reused_holdout,5,ar,brlusd,373,0.014787084869090247,0.0115161327208514,0.5040214477211796,0.1148622412537082,0.014787084869090247,0.0
reused_holdout,5,ar,cnyusd,373,0.003276394432656839,0.0024502622891178316,0.5871313672922251,-0.27990153341154084,0.003276394432656839,0.0
reused_holdout,5,ar,krwusd,373,0.012441630937384896,0.009663228220578158,0.5227882037533512,0.08515656485063414,0.012441630937384896,0.0
reused_holdout,5,ar,eurusd,373,0.010042568689537231,0.007523259244316865,0.5227882037533512,-0.07338404659295057,0.010042568689537231,0.0
reused_holdout,5,ar,sp500,373,0.022478063338303832,0.016232299444375587,0.5737265415549598,-0.006263445100341542,0.022478063338303832,0.0
reused_holdout,5,ar,vix,373,4.285313985725383,2.658649241585974,0.5013404825737265,0.12191890230854659,4.285313985725383,0.0
reused_holdout,5,ar,us2y,373,0.10073437891316157,0.07823410422903156,0.4879356568364611,-0.03165006698523761,0.10073437891316157,0.0
reused_holdout,5,ar,us10y,373,0.10261995967112704,0.07810629538385816,0.5335120643431636,-0.05682099191724497,0.10261995967112704,0.0
reused_holdout,5,ar,wti,373,5.402552938769164,3.681023996891384,0.5335120643431636,0.045396764958965226,5.402552938769164,0.0
reused_holdout,5,ar,brent,373,0.0704168281979375,0.050852662976070384,0.5067024128686327,0.024653664977521812,0.0704168281979375,0.0
reused_holdout,5,ar,henry_hub,373,0.26103514025920344,0.1270860182873807,0.5335120643431636,0.22887047632520177,0.26103514025920344,0.0
reused_holdout,5,financial_direct_sparse,audusd,373,0.012864612628113429,0.009564414931699758,0.5067024128686327,0.08323958819840456,0.012806482172949373,-0.004539143097926024
reused_holdout,5,financial_direct_sparse,brlusd,373,0.014916632526702256,0.011612481779608698,0.4718498659517426,0.022720516905340632,0.014787084869090247,-0.008760865225221348
reused_holdout,5,financial_direct_sparse,cnyusd,373,0.003231171769298915,0.0024423173367616236,0.5415549597855228,-0.01582848501966846,0.003276394432656839,0.01380256995530682
reused_holdout,5,financial_direct_sparse,krwusd,373,0.012557878642155138,0.009733744629298083,0.4959785522788204,0.004311977212825844,0.012441630937384896,-0.009343445835620967
reused_holdout,5,financial_direct_sparse,eurusd,373,0.010093890522754775,0.007563908905279427,0.48525469168900803,-0.09403167565677958,0.010042568689537231,-0.005110428895648278
reused_holdout,5,financial_direct_sparse,sp500,373,0.022315939038355197,0.016007617345076865,0.6005361930294906,0.08205555772821234,0.022478063338303832,0.007212556415942095
reused_holdout,5,financial_direct_sparse,vix,373,4.26108775421027,2.6314299010395343,0.5120643431635389,0.12766507425837587,4.285313985725383,0.005653315392013636
reused_holdout,5,financial_direct_sparse,us2y,373,0.10078131688677469,0.07833448544076316,0.4906166219839142,-0.08047960053526898,0.10073437891316157,-0.0004659578400099118
reused_holdout,5,financial_direct_sparse,us10y,373,0.10224780032741687,0.0782110443196849,0.5308310991957105,-0.039949946388363314,0.10261995967112704,0.0036265785418631014
reused_holdout,5,financial_direct_sparse,wti,373,5.393180214810525,3.6872633469052816,0.5093833780160858,-0.03915088019392181,5.402552938769164,0.0017348694339262005
reused_holdout,5,financial_direct_sparse,brent,373,0.07054832491776794,0.050899579122729535,0.5281501340482574,0.0009042518515508792,0.0704168281979375,-0.0018674047553066675
reused_holdout,5,financial_direct_sparse,henry_hub,373,0.2634425922853636,0.1264270507906893,0.5415549597855228,0.19453293576944228,0.26103514025920344,-0.009222712404811206
reused_holdout,5,full_direct_sparse,audusd,373,0.013075863440787493,0.009561924621545044,0.5040214477211796,0.08237524235647939,0.012806482172949373,-0.021034759132146696
reused_holdout,5,full_direct_sparse,brlusd,373,0.015269943415896275,0.011743563823228284,0.5227882037533512,-0.0462247727151722,0.014787084869090247,-0.03265407286701638
reused_holdout,5,full_direct_sparse,cnyusd,373,0.0033415654025472246,0.002553681138494974,0.5040214477211796,-0.029257315718374446,0.003276394432656839,-0.019891063554743793
reused_holdout,5,full_direct_sparse,krwusd,373,0.0125820189578656,0.009752180729854894,0.5067024128686327,0.009962952657256975,0.012441630937384896,-0.011283731303977529
reused_holdout,5,full_direct_sparse,eurusd,373,0.010229932279598316,0.007658756176595397,0.4932975871313673,-0.11380425970703262,0.010042568689537231,-0.018656938862294137
reused_holdout,5,full_direct_sparse,sp500,373,0.0224892110663427,0.01629325842597697,0.5603217158176944,0.047296521181981195,0.022478063338303832,-0.0004959381006757191
reused_holdout,5,full_direct_sparse,vix,373,4.29707356799145,2.660653797694932,0.4932975871313673,0.07404138540947257,4.285313985725383,-0.0027441588423249286
reused_holdout,5,full_direct_sparse,us2y,373,0.10362526410775116,0.08156071112596355,0.4316353887399464,-0.02361867632695378,0.10073437891316157,-0.028698099157207224
reused_holdout,5,full_direct_sparse,us10y,373,0.10410418080351154,0.07975725610142369,0.4879356568364611,-0.08510376631018587,0.10261995967112704,-0.014463279240618299
reused_holdout,5,full_direct_sparse,wti,373,5.406784584198761,3.6835418359335304,0.48525469168900803,0.011924850412804033,5.402552938769164,-0.0007832677398180721
reused_holdout,5,full_direct_sparse,brent,373,0.0708028254799726,0.051038617834320406,0.47989276139410186,0.05720558314774728,0.0704168281979375,-0.005481605631967534
reused_holdout,5,full_direct_sparse,henry_hub,373,0.2720091063920024,0.1331461636924619,0.4584450402144772,0.019862668851623737,0.26103514025920344,-0.04204018708707946
reused_holdout,5,survival_refit_full,audusd,373,0.013137550711458619,0.009711109492525719,0.5201072386058981,0.03492263073981649,0.012806482172949373,-0.02585163779078603
reused_holdout,5,survival_refit_full,brlusd,373,0.015073601098317816,0.0115164919909686,0.5442359249329759,0.03126984947016598,0.014787084869090247,-0.019376113126021277
reused_holdout,5,survival_refit_full,cnyusd,373,0.003276442611041407,0.0024292308498725145,0.5710455764075067,-0.12407162113133247,0.003276394432656839,-1.4704696140288576e-05
reused_holdout,5,survival_refit_full,krwusd,373,0.012883815406507747,0.009801336894755845,0.5361930294906166,-0.055490732147543166,0.012441630937384896,-0.03554071579105966
reused_holdout,5,survival_refit_full,eurusd,373,0.01023338484385327,0.007637253125172971,0.5013404825737265,-0.15321217858715572,0.010042568689537231,-0.019000731806279703
reused_holdout,5,survival_refit_full,sp500,373,0.022596054546899485,0.01588755195286088,0.5978552278820375,0.053558626435050785,0.022478063338303832,-0.005249171461964464
reused_holdout,5,survival_refit_full,vix,373,4.268240263808891,2.6258007642094667,0.5281501340482574,0.13968053274739595,4.285313985725383,0.003984240588522869
reused_holdout,5,survival_refit_full,us2y,373,0.10087300391465166,0.07889384273880592,0.514745308310992,0.12265081524991048,0.10073437891316157,-0.0013761439042532242
reused_holdout,5,survival_refit_full,us10y,373,0.102689750468001,0.0785640834545207,0.5120643431635389,-0.04636941952905338,0.10261995967112704,-0.0006800898879479877
reused_holdout,5,survival_refit_full,wti,373,5.437327354782355,3.7490375356411993,0.4906166219839142,0.019269885755003765,5.402552938769164,-0.006436663630567496
reused_holdout,5,survival_refit_full,brent,373,0.07213503139556858,0.052349042266219635,0.450402144772118,-0.09792037030609504,0.0704168281979375,-0.024400462809845758
reused_holdout,5,survival_refit_full,henry_hub,373,0.2729736114363197,0.13955448515927804,0.4477211796246649,0.08360966337013861,0.26103514025920344,-0.04573511123928209
oos_all,10,ar,audusd,700,0.01627321456088607,0.012922971321742338,0.49142857142857144,-0.006614598303418689,0.01627321456088607,0.0
oos_all,10,ar,brlusd,700,0.02052694083156195,0.016402115513271507,0.4585714285714286,-0.0904868782594998,0.02052694083156195,0.0
oos_all,10,ar,cnyusd,700,0.005284520413566878,0.00384077898054862,0.5642857142857143,-0.007294465295916185,0.005284520413566878,0.0
oos_all,10,ar,krwusd,700,0.016166456000232438,0.012479099163254749,0.53,-0.04599260278099968,0.016166456000232438,0.0
oos_all,10,ar,eurusd,700,0.012611841665186752,0.009914345001016288,0.4514285714285714,-0.060553122511563966,0.012611841665186752,0.0
oos_all,10,ar,sp500,700,0.02868451120404778,0.021693303632365726,0.6428571428571429,-0.02655758052144576,0.02868451120404778,0.0
oos_all,10,ar,vix,700,4.6252433184993755,2.9116793685342937,0.5371428571428571,0.2816652746968773,4.6252433184993755,0.0
oos_all,10,ar,us2y,700,0.16565181590430939,0.1306074992916939,0.49,-0.07796132654929852,0.16565181590430939,0.0
oos_all,10,ar,us10y,700,0.17217188308952527,0.13678566942571768,0.5357142857142857,-0.13462237128158527,0.17217188308952527,0.0
oos_all,10,ar,wti,700,6.103586733295575,4.1792809018258925,0.5314285714285715,0.003777207474498808,6.103586733295575,0.0
oos_all,10,ar,brent,700,0.08146650770037706,0.0573172279851471,0.48714285714285716,-0.06876126207055351,0.08146650770037706,0.0
oos_all,10,ar,henry_hub,700,0.30253893130199977,0.16910549021886825,0.52,0.19711894332873348,0.30253893130199977,0.0
oos_all,10,financial_direct_sparse,audusd,700,0.01622808354227643,0.012821575222460857,0.5328571428571428,0.04845698585153688,0.01627321456088607,0.0027733315037901107
oos_all,10,financial_direct_sparse,brlusd,700,0.02055514945707933,0.01643777190889063,0.4514285714285714,-0.10518681606994866,0.02052694083156195,-0.0013742245251666674
oos_all,10,financial_direct_sparse,cnyusd,700,0.0052014469283755945,0.003833262259277928,0.5485714285714286,0.14835686236111675,0.005284520413566878,0.01572015598199028
oos_all,10,financial_direct_sparse,krwusd,700,0.01612664774979659,0.01244359111331766,0.5271428571428571,0.0007475864720390995,0.016166456000232438,0.0024623980936375744
oos_all,10,financial_direct_sparse,eurusd,700,0.012602306221558448,0.009898153626516778,0.47,-0.045815626646792264,0.012611841665186752,0.0007560706740099565
oos_all,10,financial_direct_sparse,sp500,700,0.02864623470574007,0.021627999029253005,0.6428571428571429,0.0008730338753340849,0.02868451120404778,0.0013343960451489556
oos_all,10,financial_direct_sparse,vix,700,4.66899562672282,2.9187173761107226,0.5428571428571428,0.2642611278145365,4.6252433184993755,-0.009459460878187942
oos_all,10,financial_direct_sparse,us2y,700,0.16566242368165404,0.13091158474854095,0.48714285714285716,-0.12757022574476226,0.16565181590430939,-6.403658955833613e-05
oos_all,10,financial_direct_sparse,us10y,700,0.17178329952131555,0.13656916961132481,0.5328571428571428,-0.11812321364154865,0.17217188308952527,0.0022569513746194536
oos_all,10,financial_direct_sparse,wti,700,6.124228528476286,4.148425064538586,0.5171428571428571,-0.09675620266427302,6.103586733295575,-0.003381912321833269
oos_all,10,financial_direct_sparse,brent,700,0.08153869722257678,0.057167917543433,0.4942857142857143,-0.041468135380716774,0.08146650770037706,-0.0008861251603571318
oos_all,10,financial_direct_sparse,henry_hub,700,0.30515953753994035,0.16937501886660045,0.5085714285714286,0.15622840435419377,0.30253893130199977,-0.008662046324625416
oos_all,10,full_direct_sparse,audusd,700,0.018032508354026183,0.01409905852571642,0.5242857142857142,-0.15004463071719532,0.01627321456088607,-0.10810978903754576
oos_all,10,full_direct_sparse,brlusd,700,0.021730473325421676,0.017275429354458638,0.47,-0.11702241538627256,0.02052694083156195,-0.058631848931390174
oos_all,10,full_direct_sparse,cnyusd,700,0.006189157381359942,0.004667070898129692,0.48428571428571426,-0.20606148856100043,0.005284520413566878,-0.17118619988118544
oos_all,10,full_direct_sparse,krwusd,700,0.016501983491016375,0.012693529710752754,0.5171428571428571,-0.04310488239780029,0.016166456000232438,-0.02075454823117151
oos_all,10,full_direct_sparse,eurusd,700,0.013787475274768762,0.010912854919155257,0.47714285714285715,-0.198188225184567,0.012611841665186752,-0.09321664835257049
oos_all,10,full_direct_sparse,sp500,700,0.03042658361379609,0.02315696527141946,0.5885714285714285,-0.1491508336934544,0.02868451120404778,-0.06073216299054374
oos_all,10,full_direct_sparse,vix,700,4.773282172583334,3.068300606412347,0.5285714285714286,0.1651217659140214,4.6252433184993755,-0.03200671702867064
oos_all,10,full_direct_sparse,us2y,700,0.1723135068386124,0.1368975264156493,0.4228571428571429,-0.14495799518128274,0.16565181590430939,-0.04021501906233982
oos_all,10,full_direct_sparse,us10y,700,0.17622769761512153,0.14193091523498708,0.4928571428571429,-0.03680542853178218,0.17217188308952527,-0.023556776244860744
oos_all,10,full_direct_sparse,wti,700,6.208402230297963,4.30064166673804,0.5,-0.049046441371792565,6.103586733295575,-0.017172770959509975
oos_all,10,full_direct_sparse,brent,700,0.08334153692618722,0.05995074953301642,0.5342857142857143,0.06488208431121412,0.08146650770037706,-0.02301595193826489
oos_all,10,full_direct_sparse,henry_hub,700,0.32242600207381633,0.18316094804178196,0.4642857142857143,-0.13740442388402532,0.30253893130199977,-0.06573392285822854
oos_all,10,survival_refit_full,audusd,700,0.01698312272547131,0.013369023772321888,0.4857142857142857,-0.12183882172244456,0.01627321456088607,-0.04362433506478558
oos_all,10,survival_refit_full,brlusd,700,0.021241629417186072,0.016678840261949473,0.5257142857142857,-0.00395271991523353,0.02052694083156195,-0.03481710165624019
oos_all,10,survival_refit_full,cnyusd,700,0.00571927808716134,0.003980147383714555,0.61,-0.11137859270505183,0.005284520413566878,-0.08227003390474463
oos_all,10,survival_refit_full,krwusd,700,0.016469695075786852,0.012668654964623922,0.51,-0.032461198643382566,0.016166456000232438,-0.018757300644622
oos_all,10,survival_refit_full,eurusd,700,0.013574806727817884,0.010870411874028369,0.4742857142857143,-0.17225064486861397,0.012611841665186752,-0.0763540399725493
oos_all,10,survival_refit_full,sp500,700,0.030748665084772118,0.023249182118799193,0.5871428571428572,-0.24596966298813416,0.02868451120404778,-0.07196057363644592
oos_all,10,survival_refit_full,vix,700,4.711528944454436,2.99576562908538,0.5285714285714286,0.22017076561783877,4.6252433184993755,-0.018655370109924352
oos_all,10,survival_refit_full,us2y,700,0.1718450434910057,0.13578991764902582,0.4742857142857143,-0.030876725407140815,0.16565181590430939,-0.0373870189885146
oos_all,10,survival_refit_full,us10y,700,0.17888559209229818,0.1432018269034212,0.5114285714285715,-0.02074599723044569,0.17217188308952527,-0.03899422415727383
oos_all,10,survival_refit_full,wti,700,6.174667486810961,4.2351894897125675,0.5228571428571429,-0.055144998720735715,6.103586733295575,-0.011645734978686262
oos_all,10,survival_refit_full,brent,700,0.08281515516750036,0.05887383121624513,0.5171428571428571,-0.0018037135847576362,0.08146650770037706,-0.01655462478008074
oos_all,10,survival_refit_full,henry_hub,700,0.3248304101921315,0.1902616448517951,0.45571428571428574,-0.04692012331152878,0.30253893130199977,-0.07368135662474451
development,10,ar,audusd,332,0.0167005792022439,0.013742154600368778,0.4397590361445783,-0.09675573097342018,0.0167005792022439,0.0
development,10,ar,brlusd,332,0.021801613403190714,0.01725336599216117,0.4036144578313253,0.10346158360470578,0.021801613403190714,0.0
development,10,ar,cnyusd,332,0.006355730836388134,0.004508299047369378,0.5,0.034835641596553085,0.006355730836388134,0.0
development,10,ar,krwusd,332,0.015651528634346695,0.011646532953495062,0.5602409638554217,-0.09510795503715205,0.015651528634346695,0.0
development,10,ar,eurusd,332,0.011391703186901496,0.009341205499907012,0.42168674698795183,-0.09420159809009436,0.011391703186901496,0.0
development,10,ar,sp500,332,0.024723229965387478,0.019785136843522243,0.677710843373494,-0.05435452645985761,0.024723229965387478,0.0
development,10,ar,vix,332,3.4945818549171115,2.335224736126353,0.5301204819277109,0.31828436935620363,3.4945818549171115,0.0
development,10,ar,us2y,332,0.18952203684131672,0.1512245013633273,0.4759036144578313,-0.08647745387424438,0.18952203684131672,0.0
development,10,ar,us10y,332,0.2035418134682267,0.16968023699772156,0.5602409638554217,-0.2100819131722462,0.2035418134682267,0.0
development,10,ar,wti,332,4.252299700370586,3.3255799916067104,0.5451807228915663,-0.002152425870933904,4.252299700370586,0.0
development,10,ar,brent,332,0.05607363328470731,0.044325336974906974,0.4939759036144578,-0.030847973424251014,0.05607363328470731,0.0
development,10,ar,henry_hub,332,0.2924548540750307,0.1697992652035795,0.536144578313253,0.08435516782086547,0.2924548540750307,0.0
development,10,financial_direct_sparse,audusd,332,0.01655059810714936,0.013574449348216172,0.5060240963855421,0.07246656650290353,0.0167005792022439,0.008980592426063194
development,10,financial_direct_sparse,brlusd,332,0.021867736520957942,0.017384983994621527,0.3493975903614458,0.003185550750838317,0.021801613403190714,-0.0030329460735025737
development,10,financial_direct_sparse,cnyusd,332,0.006233734350806492,0.004483564453033945,0.5090361445783133,0.20790528467293948,0.006355730836388134,0.0191947218537295
development,10,financial_direct_sparse,krwusd,332,0.015470209474809041,0.011521797170146555,0.5602409638554217,0.08673470230270194,0.015651528634346695,0.011584757231939302
development,10,financial_direct_sparse,eurusd,332,0.011333918491739078,0.00930653322073499,0.4789156626506024,0.008653100345304402,0.011391703186901496,0.005072524644853749
development,10,financial_direct_sparse,sp500,332,0.024499707012236603,0.019537364755472394,0.6746987951807228,0.08332911174578628,0.024723229965387478,0.009041009344806783
development,10,financial_direct_sparse,vix,332,3.5485329348109143,2.3492244842836953,0.5331325301204819,0.2823678859252186,3.4945818549171115,-0.015438493683554766
development,10,financial_direct_sparse,us2y,332,0.18860907139012478,0.1508027342733643,0.4789156626506024,-0.10457605474421391,0.18952203684131672,0.004817199447662901
development,10,financial_direct_sparse,us10y,332,0.20296382756243977,0.1689456202628602,0.5542168674698795,-0.2139671656948973,0.2035418134682267,0.002839642115486707
development,10,financial_direct_sparse,wti,332,4.296565081075364,3.3101179334359903,0.5451807228915663,-0.15724251802088454,4.252299700370586,-0.010409750916879235
development,10,financial_direct_sparse,brent,332,0.05599503639864472,0.044543962007089655,0.4939759036144578,-0.03963583293668774,0.05607363328470731,0.001401672790909192
development,10,financial_direct_sparse,henry_hub,332,0.2917594379379692,0.16984516791775067,0.536144578313253,0.06305424184870653,0.2924548540750307,0.0023778580774831415
development,10,full_direct_sparse,audusd,332,0.01924691234089284,0.01570529899617888,0.4819277108433735,-0.1519763830616313,0.0167005792022439,-0.1524697501693124
development,10,full_direct_sparse,brlusd,332,0.023934680103031396,0.019077702330726247,0.3885542168674699,-0.12445782146550885,0.021801613403190714,-0.0978398552617441
development,10,full_direct_sparse,cnyusd,332,0.0077874550942048405,0.006114096396381561,0.4036144578313253,-0.24184400966578457,0.006355730836388134,-0.22526508668676315
development,10,full_direct_sparse,krwusd,332,0.01615477935338315,0.011888063496142041,0.5391566265060241,-0.020393598182712695,0.015651528634346695,-0.03215345483457055
development,10,full_direct_sparse,eurusd,332,0.013658022313022777,0.011099913020262683,0.47289156626506024,-0.17053279275346192,0.011391703186901496,-0.1989447134408453
development,10,full_direct_sparse,sp500,332,0.028206995972367123,0.022197136123842987,0.6024096385542169,-0.3343815443088132,0.024723229965387478,-0.14091063392028147
development,10,full_direct_sparse,vix,332,3.796529755486198,2.6100822265769574,0.5331325301204819,0.10851276529499537,3.4945818549171115,-0.08640458661577077
development,10,full_direct_sparse,us2y,332,0.1940521619163199,0.15521702298735973,0.4307228915662651,-0.24038371314883003,0.18952203684131672,-0.023902893565861172
development,10,full_direct_sparse,us10y,332,0.20817311932875582,0.17431686858746098,0.5331325301204819,-0.16445506807852697,0.2035418134682267,-0.0227535845417437
development,10,full_direct_sparse,wti,332,4.591323357384493,3.5911353448762915,0.4819277108433735,-0.2808218256292118,4.252299700370586,-0.07972713141182419
development,10,full_direct_sparse,brent,332,0.06384176271993064,0.05104099280087105,0.49698795180722893,-0.013697885892699017,0.05607363328470731,-0.13853444088028977
development,10,full_direct_sparse,henry_hub,332,0.3189476638351523,0.19374555732217957,0.4819277108433735,-0.25099379472421224,0.2924548540750307,-0.09058769034254
development,10,survival_refit_full,audusd,332,0.01830741172008946,0.014924904556666313,0.3855421686746988,-0.2201360472906133,0.0167005792022439,-0.09621417906450014
development,10,survival_refit_full,brlusd,332,0.023164273188127988,0.018016305987094063,0.5,-0.05750635027841519,0.021801613403190714,-0.06250270380162992
development,10,survival_refit_full,cnyusd,332,0.0071475541179301045,0.004889462253323998,0.5481927710843374,-0.14555348161218826,0.006355730836388134,-0.12458414333857348
development,10,survival_refit_full,krwusd,332,0.01608505941756657,0.011893391388132137,0.5481927710843374,-0.008604487330281107,0.015651528634346695,-0.027698941959477974
development,10,survival_refit_full,eurusd,332,0.013334497165653067,0.010883941377418651,0.46686746987951805,-0.2185910128054874,0.011391703186901496,-0.17054464524544932
development,10,survival_refit_full,sp500,332,0.027807555161977526,0.02233923368774375,0.5783132530120482,-0.28348082680112585,0.024723229965387478,-0.12475413612655406
development,10,survival_refit_full,vix,332,3.728690295102137,2.550503057081234,0.5060240963855421,0.13290196933825912,3.4945818549171115,-0.06699183189989344
development,10,survival_refit_full,us2y,332,0.19673370039224514,0.1576021338868236,0.42771084337349397,-0.24447894680271512,0.18952203684131672,-0.03805184701010056
development,10,survival_refit_full,us10y,332,0.21160979856632983,0.17661988820463892,0.5421686746987951,-0.1701629610482358,0.2035418134682267,-0.039637973940733096
development,10,survival_refit_full,wti,332,4.379536504792684,3.3795169205505697,0.5512048192771084,-0.1617281468858495,4.252299700370586,-0.029921880720450877
development,10,survival_refit_full,brent,332,0.06038044075190324,0.04806027414394556,0.5060240963855421,-0.020260816428389054,0.05607363328470731,-0.07680628514525933
development,10,survival_refit_full,henry_hub,332,0.32493596780794987,0.20107202141577438,0.4819277108433735,-0.13680658871913415,0.2924548540750307,-0.11106368480581286
reused_holdout,10,ar,audusd,368,0.015877790385714078,0.012183925537764132,0.5380434782608695,0.07190747912988461,0.015877790385714078,0.0
reused_holdout,10,ar,brlusd,368,0.01930488186832728,0.01563413953775148,0.5081521739130435,-0.03979905748986353,0.01930488186832728,0.0
reused_holdout,10,ar,cnyusd,368,0.004083724588937372,0.0032385597898298923,0.6222826086956522,-0.2097023880062165,0.004083724588937372,0.0
reused_holdout,10,ar,krwusd,368,0.01661732447797711,0.013230218678581422,0.5027173913043478,-0.012187802987776697,0.01661732447797711,0.0
reused_holdout,10,ar,eurusd,368,0.013619144716522763,0.01043141650745183,0.4782608695652174,-0.1355138577236254,0.013619144716522763,0.0
reused_holdout,10,ar,sp500,368,0.03183815128969232,0.023414801930996258,0.6114130434782609,-0.008024133541757992,0.03183815128969232,0.0
reused_holdout,10,ar,vix,368,5.447525129042071,3.431741699945806,0.5434782608695652,0.2683537289031203,5.447525129042071,0.0
reused_holdout,10,ar,us2y,368,0.14068341410713345,0.11200737785750291,0.5027173913043478,-0.03713765528938689,0.14068341410713345,0.0
reused_holdout,10,ar,us10y,368,0.13787688018621225,0.10710904868140986,0.5135869565217391,-0.10268785682571095,0.13787688018621225,0.0
reused_holdout,10,ar,wti,368,7.385796849457329,4.949467592567112,0.5190217391304348,0.019130664073808142,7.385796849457329,0.0
reused_holdout,10,ar,brent,368,0.09893265350005279,0.06903817313568981,0.48097826086956524,-0.06124616864337791,0.09893265350005279,0.0
reused_holdout,10,ar,henry_hub,368,0.3113564120183998,0.1684795845261397,0.5054347826086957,0.29217783421783766,0.3113564120183998,0.0
reused_holdout,10,financial_direct_sparse,audusd,368,0.015931518185243285,0.012142351826398995,0.5570652173913043,0.014841641866541331,0.015877790385714078,-0.003383833532501379
reused_holdout,10,financial_direct_sparse,brlusd,368,0.01929450075541037,0.015583221875024714,0.5434782608695652,-0.06014869811092595,0.01930488186832728,0.0005377454774248003
reused_holdout,10,financial_direct_sparse,cnyusd,368,0.004050362205543317,0.0032465765844763047,0.5842391304347826,0.007895494099393822,0.004083724588937372,0.008169596814739388
reused_holdout,10,financial_direct_sparse,krwusd,368,0.016696739365006562,0.013275209562048114,0.49728260869565216,-0.08268783672654284,0.01661732447797711,-0.004779041724478628
reused_holdout,10,financial_direct_sparse,eurusd,368,0.013645823366635782,0.010431898123037301,0.46195652173913043,-0.20277548535180626,0.013619144716522763,-0.0019589078953432537
reused_holdout,10,financial_direct_sparse,sp500,368,0.03192835476006323,0.023514114732772467,0.6141304347826086,-0.08269785500495047,0.03183815128969232,-0.0028331880689351774
reused_holdout,10,financial_direct_sparse,vix,368,5.486914167291981,3.4324990067807573,0.5516304347826086,0.25860015792107893,5.447525129042071,-0.00723062993136403
reused_holdout,10,financial_direct_sparse,us2y,368,0.14180958099992458,0.11296630854679816,0.4945652173913043,-0.17868947900347992,0.14068341410713345,-0.008004972725025983
reused_holdout,10,financial_direct_sparse,us10y,368,0.1377235210573991,0.1073599804365701,0.5135869565217391,-0.09172102146913308,0.13787688018621225,0.0011122903898465042
reused_holdout,10,financial_direct_sparse,wti,368,7.395181673779257,4.904723889337667,0.49184782608695654,-0.06134408010253109,7.385796849457329,-0.001270658334261876
reused_holdout,10,financial_direct_sparse,brent,368,0.09908582083473823,0.06855692090774276,0.4945652173913043,-0.025682083489404074,0.09893265350005279,-0.0015481979838471993
reused_holdout,10,financial_direct_sparse,henry_hub,368,0.31676273193553556,0.16895086265741058,0.483695652173913,0.2539500924825584,0.3113564120183998,-0.017363766116421875
reused_holdout,10,full_direct_sparse,audusd,368,0.016862025090014984,0.012649950275190504,0.5625,-0.04629050789717514,0.015877790385714078,-0.061988140691570326
reused_holdout,10,full_direct_sparse,brlusd,368,0.019529586737886438,0.01564946569108678,0.5434782608695652,-0.07933703292151713,0.01930488186832728,-0.011639795109434026
reused_holdout,10,full_direct_sparse,cnyusd,368,0.004260539582195814,0.003361602242098112,0.5570652173913043,0.04511129725105403,0.004083724588937372,-0.04329748233693964
reused_holdout,10,full_direct_sparse,krwusd,368,0.016809069428475966,0.013420200317412418,0.49728260869565216,-0.054853200753814974,0.01661732447797711,-0.011538858180989209
reused_holdout,10,full_direct_sparse,eurusd,368,0.013903230164406925,0.010744095980112684,0.48097826086956524,-0.15791816385342033,0.013619144716522763,-0.020859272281577912
reused_holdout,10,full_direct_sparse,sp500,368,0.0322984216388348,0.024022898089341722,0.5760869565217391,-0.016124784534997393,0.03183815128969232,-0.014456566430460116
reused_holdout,10,full_direct_sparse,vix,368,5.507807702279462,3.481693275176883,0.5244565217391305,0.2299037176070681,5.447525129042071,-0.011066047757358533
reused_holdout,10,full_direct_sparse,us2y,368,0.15002254409006802,0.12037015450856271,0.4157608695652174,-0.06427829219002573,0.14068341410713345,-0.06638401578612974
reused_holdout,10,full_direct_sparse,us10y,368,0.14134229552751457,0.11271315297134211,0.45652173913043476,-0.014760042129328082,0.13787688018621225,-0.025134129352376133
reused_holdout,10,full_direct_sparse,wti,368,7.368841887374266,4.940739761461138,0.5163043478260869,0.062051569822479204,7.385796849457329,0.0022956171728861774
reused_holdout,10,full_direct_sparse,brent,368,0.09764777517205107,0.06798889962832147,0.5679347826086957,0.1433219149023159,0.09893265350005279,0.012987403880772574
reused_holdout,10,full_direct_sparse,henry_hub,368,0.32553217923916694,0.1736117896692493,0.4483695652173913,-0.008561250075659194,0.3113564120183998,-0.04552906788998268
reused_holdout,10,survival_refit_full,audusd,368,0.015692784336452423,0.011965348716880722,0.5760869565217391,0.18579626393637685,0.015877790385714078,0.011651876285513452
reused_holdout,10,survival_refit_full,brlusd,368,0.019343788663864044,0.015472213575134243,0.5489130434782609,-0.005659072740493524,0.01930488186832728,-0.0020153863567844432
reused_holdout,10,survival_refit_full,cnyusd,368,0.004016284572503458,0.0031597872296103835,0.6657608695652174,-0.04649297591745968,0.004083724588937372,0.016514340025918117
reused_holdout,10,survival_refit_full,krwusd,368,0.016809152997669247,0.013368077539067595,0.47554347826086957,-0.031108330022582387,0.01661732447797711,-0.01154388722121702
reused_holdout,10,survival_refit_full,eurusd,368,0.013788014439231704,0.01085820590901322,0.48097826086956524,-0.10326278925326479,0.013619144716522763,-0.012399436691796772
reused_holdout,10,survival_refit_full,sp500,368,0.03317910560544951,0.024070113855512252,0.595108695652174,-0.2476712657359928,0.03183815128969232,-0.04211784483200587
reused_holdout,10,survival_refit_full,vix,368,5.448153331666524,3.3974699060021627,0.5489130434782609,0.2686842424040738,5.447525129042071,-0.00011531890346017093
reused_holdout,10,survival_refit_full,us2y,368,0.14578988245306254,0.11611150517362132,0.5163043478260869,0.13295496275927216,0.14068341410713345,-0.03629758616776546
reused_holdout,10,survival_refit_full,us10y,368,0.14307861045048587,0.11305292377297481,0.483695652173913,0.07631466149822637,0.13787688018621225,-0.03772735687990858
reused_holdout,10,survival_refit_full,wti,368,7.430966736279494,5.007154959717414,0.49728260869565216,-0.007272493258443307,7.385796849457329,-0.006115777043811166
reused_holdout,10,survival_refit_full,brent,368,0.09877565896912961,0.06862954031408063,0.5271739130434783,0.03847693396124562,0.09893265350005279,0.0015868828477656471
reused_holdout,10,survival_refit_full,henry_hub,368,0.32473514942329107,0.1805088051255964,0.4320652173913043,0.08661178989198669,0.3113564120183998,-0.042969204707114406
oos_all,20,ar,audusd,690,0.021418944882439502,0.017568085268213893,0.4927536231884058,-0.043935877442823505,0.021418944882439502,0.0
oos_all,20,ar,brlusd,690,0.028383689164140233,0.023271440241196338,0.4463768115942029,-0.004189422219961616,0.028383689164140233,0.0
oos_all,20,ar,cnyusd,690,0.00780759086964976,0.005786510350640381,0.5695652173913044,0.032509927016639455,0.00780759086964976,0.0
oos_all,20,ar,krwusd,690,0.02350657892493485,0.0179970855710689,0.5811594202898551,-0.24317120197773145,0.02350657892493485,0.0
oos_all,20,ar,eurusd,690,0.017477827136055134,0.014058461560844877,0.4492753623188406,-0.18126915952397257,0.017477827136055134,0.0
oos_all,20,ar,sp500,690,0.03919093507754698,0.031028756845464932,0.6768115942028986,-0.13615529777557853,0.03919093507754698,0.0
oos_all,20,ar,vix,690,5.302621447876342,3.5380135457828765,0.5652173913043478,0.2763121099308754,5.302621447876342,0.0
oos_all,20,ar,us2y,690,0.24686293858868744,0.19724011080080792,0.4608695652173913,-0.2186477129124084,0.24686293858868744,0.0
oos_all,20,ar,us10y,690,0.2512761187335926,0.1953802881531345,0.5115942028985507,-0.21724696204879165,0.2512761187335926,0.0
oos_all,20,ar,wti,690,8.692558027152531,6.111860154993526,0.4681159420289855,-0.15761049527039372,8.692558027152531,0.0
oos_all,20,ar,brent,690,0.11909045254732739,0.08397562678449311,0.5173913043478261,-0.1730842982400633,0.11909045254732739,0.0
oos_all,20,ar,henry_hub,690,0.36940206205843495,0.2274799286969963,0.4985507246376812,0.22007439737448678,0.36940206205843495,0.0
oos_all,20,financial_direct_sparse,audusd,690,0.021303035738876555,0.017351371680370164,0.5362318840579711,0.04622913246860178,0.021418944882439502,0.005411524433118875
oos_all,20,financial_direct_sparse,brlusd,690,0.02843653278844381,0.023445228381248993,0.4434782608695652,-0.11409574601255072,0.028383689164140233,-0.0018617602524459986
oos_all,20,financial_direct_sparse,cnyusd,690,0.0076994682403805975,0.005754581855238896,0.5811594202898551,0.11962099898218259,0.00780759086964976,0.013848398446371535
oos_all,20,financial_direct_sparse,krwusd,690,0.02332105321154307,0.017832736555505203,0.5971014492753624,0.005300640350333409,0.02350657892493485,0.007892501668755547
oos_all,20,financial_direct_sparse,eurusd,690,0.017445476844134666,0.014001118142458581,0.47391304347826085,-0.1262386792047309,0.017477827136055134,0.0018509332807011836
oos_all,20,financial_direct_sparse,sp500,690,0.03904000792409939,0.030541567558257838,0.6768115942028986,-0.028056228530410426,0.03919093507754698,0.003851073038929842
oos_all,20,financial_direct_sparse,vix,690,5.355158858546166,3.5391317243550144,0.5753623188405798,0.24690332250396693,5.302621447876342,-0.009907818460408002
oos_all,20,financial_direct_sparse,us2y,690,0.24625786683763132,0.19714711460516046,0.4608695652173913,-0.20321735451143022,0.24686293858868744,0.002451043297610034
oos_all,20,financial_direct_sparse,us10y,690,0.25055579446530907,0.19454139500883086,0.5115942028985507,-0.16468820197694792,0.2512761187335926,0.0028666642572876544
oos_all,20,financial_direct_sparse,wti,690,8.692019064339192,6.122189722294454,0.47681159420289854,-0.2399642486597296,8.692558027152531,6.20027857916039e-05
oos_all,20,financial_direct_sparse,brent,690,0.11972536018436493,0.0847252703197443,0.518840579710145,-0.05277931300419687,0.11909045254732739,-0.0053313059397874785
oos_all,20,financial_direct_sparse,henry_hub,690,0.37271027046467303,0.22775314998328217,0.4681159420289855,0.18404060016596993,0.36940206205843495,-0.008955576446443292
oos_all,20,full_direct_sparse,audusd,690,0.02472774711604773,0.020227688206414206,0.5,-0.17245888768931522,0.021418944882439502,-0.1544801693906488
oos_all,20,full_direct_sparse,brlusd,690,0.03169061908567089,0.025665140632291295,0.427536231884058,-0.15969988619608502,0.028383689164140233,-0.11650810796323863
oos_all,20,full_direct_sparse,cnyusd,690,0.01016498982502309,0.008097307804913498,0.48840579710144927,-0.25105432141837297,0.00780759086964976,-0.30193679391387995
oos_all,20,full_direct_sparse,krwusd,690,0.02448356829256481,0.019335128855189107,0.5130434782608696,-0.1190004170513998,0.02350657892493485,-0.04156238007877899
oos_all,20,full_direct_sparse,eurusd,690,0.021030477164495884,0.016643984545995243,0.4405797101449275,-0.32371537823841007,0.017477827136055134,-0.20326611544932627
oos_all,20,full_direct_sparse,sp500,690,0.0424824579588495,0.033614030810099796,0.6043478260869565,-0.12343626328516837,0.03919093507754698,-0.08398684223251096
oos_all,20,full_direct_sparse,vix,690,5.5146639536614375,3.75021124320034,0.5782608695652174,0.15694535984261593,5.302621447876342,-0.03998824126319955
oos_all,20,full_direct_sparse,us2y,690,0.2679883047669041,0.221903283187545,0.3347826086956522,-0.33429711390567635,0.24686293858868744,-0.085575284402714
oos_all,20,full_direct_sparse,us10y,690,0.2645961358160277,0.2101823195749864,0.4666666666666667,-0.08197439792209783,0.2512761187335926,-0.053009482753739956
oos_all,20,full_direct_sparse,wti,690,8.960323997469798,6.514426241228711,0.463768115942029,-0.08094026992335032,8.692558027152531,-0.030804047494518816
oos_all,20,full_direct_sparse,brent,690,0.1231875304916185,0.08936011810512974,0.5449275362318841,0.04100533173442633,0.11909045254732739,-0.03440307645705598
oos_all,20,full_direct_sparse,henry_hub,690,0.3969752493615093,0.24085839841162054,0.4753623188405797,-0.14584797951745138,0.36940206205843495,-0.07464275415634414
oos_all,20,survival_refit_full,audusd,690,0.022602930888845983,0.018357698298789894,0.5405797101449276,-0.004258871285109412,0.021418944882439502,-0.055277513103700215
oos_all,20,survival_refit_full,brlusd,690,0.03050923286176704,0.02441253608744793,0.4985507246376812,-0.01482888600398418,0.028383689164140233,-0.07488609691766945
oos_all,20,survival_refit_full,cnyusd,690,0.008482606642672088,0.006130544304438067,0.6608695652173913,-0.04231475991247733,0.00780759086964976,-0.08645634540691649
oos_all,20,survival_refit_full,krwusd,690,0.023852990637741697,0.01854391514373361,0.5347826086956522,-0.023600741084474904,0.02350657892493485,-0.01473679831986896
oos_all,20,survival_refit_full,eurusd,690,0.01995966644591792,0.01581489541947489,0.4420289855072464,-0.25931044289358185,0.017477827136055134,-0.14199930520785298
oos_all,20,survival_refit_full,sp500,690,0.044147393127079215,0.035114963801430456,0.618840579710145,-0.3073619948852845,0.03919093507754698,-0.12646950218781217
oos_all,20,survival_refit_full,vix,690,5.497165956509405,3.7309693264710075,0.5695652173913044,0.18349420471894531,5.302621447876342,-0.03668836452788393
oos_all,20,survival_refit_full,us2y,690,0.26120000569129015,0.21519171445524832,0.41304347826086957,-0.1360544298205522,0.24686293858868744,-0.05807703329048719
oos_all,20,survival_refit_full,us10y,690,0.2613314464946657,0.20547896544763078,0.4463768115942029,-0.18655810738382156,0.2512761187335926,-0.0400170450409334
oos_all,20,survival_refit_full,wti,690,9.152553925487917,6.681968717576139,0.43623188405797103,-0.19738460936407237,8.692558027152531,-0.05291835808268619
oos_all,20,survival_refit_full,brent,690,0.12385072418667259,0.0900621286777859,0.5057971014492754,-0.06720398659000291,0.11909045254732739,-0.03997189982507976
oos_all,20,survival_refit_full,henry_hub,690,0.4023667497041813,0.2519364925424215,0.44782608695652176,-0.03154694963728513,0.36940206205843495,-0.08923796326976574
development,20,ar,audusd,332,0.022297811947384383,0.018718572813743884,0.42168674698795183,-0.14135425563827414,0.022297811947384383,0.0
development,20,ar,brlusd,332,0.030959316024481508,0.025525558463146632,0.3674698795180723,0.17428569308020583,0.030959316024481508,0.0
development,20,ar,cnyusd,332,0.009394400924701814,0.006926433805895932,0.4939759036144578,0.0751966042985403,0.009394400924701814,0.0
development,20,ar,krwusd,332,0.02158531004504082,0.01618241803530003,0.6144578313253012,-0.24416112821446334,0.02158531004504082,0.0
development,20,ar,eurusd,332,0.01529114678105734,0.012826377407632785,0.3795180722891566,-0.43163944313228514,0.01529114678105734,0.0
development,20,ar,sp500,332,0.03364839907067389,0.0288159420609953,0.7168674698795181,-0.21216502530765355,0.03364839907067389,0.0
development,20,ar,vix,332,4.1303361282711775,2.8241117851946114,0.5903614457831325,0.2839452275921348,4.1303361282711775,0.0
development,20,ar,us2y,332,0.2960545733257032,0.24005471902322867,0.4578313253012048,-0.2090797291627084,0.2960545733257032,0.0
development,20,ar,us10y,332,0.3116717606337749,0.252891626277121,0.5271084337349398,-0.3149520519796917,0.3116717606337749,0.0
development,20,ar,wti,332,6.251568535843959,4.892474922417186,0.5210843373493976,-0.22843305740444775,6.251568535843959,0.0
development,20,ar,brent,332,0.08270690560786752,0.06241427252377692,0.5662650602409639,-0.21410839928643213,0.08270690560786752,0.0
development,20,ar,henry_hub,332,0.4031077858950495,0.24558987797304485,0.4939759036144578,0.12589976646051282,0.4031077858950495,0.0
development,20,financial_direct_sparse,audusd,332,0.022125570968713967,0.01847543729778536,0.49096385542168675,0.006554776175331421,0.022297811947384383,0.007724568629282946
development,20,financial_direct_sparse,brlusd,332,0.030991444564237747,0.025831929673232938,0.34036144578313254,-0.010999719533060092,0.030959316024481508,-0.0010377664587561952
development,20,financial_direct_sparse,cnyusd,332,0.009264601034584773,0.006858733808902792,0.5421686746987951,0.16203744400563747,0.009394400924701814,0.013816728832143244
development,20,financial_direct_sparse,krwusd,332,0.021428094284562396,0.016009963359005362,0.6114457831325302,-0.007313000704710519,0.02158531004504082,0.007283460842136269
development,20,financial_direct_sparse,eurusd,332,0.015212034667219895,0.012746417914071995,0.42168674698795183,-0.17690000998208286,0.01529114678105734,0.005173720125128178
development,20,financial_direct_sparse,sp500,332,0.03310156340544024,0.027891270381911505,0.7168674698795181,0.05687886545254601,0.03364839907067389,0.016251461595100047
development,20,financial_direct_sparse,vix,332,4.157883836515162,2.8262687164695968,0.5933734939759037,0.26835020700843526,4.1303361282711775,-0.006669604455537437
development,20,financial_direct_sparse,us2y,332,0.29477846437869026,0.23949625721485118,0.4578313253012048,-0.15901419327945912,0.2960545733257032,0.004310384172343085
development,20,financial_direct_sparse,us10y,332,0.3110273973722841,0.25216361382811764,0.5271084337349398,-0.2757583952936481,0.3116717606337749,0.0020674419144696143
development,20,financial_direct_sparse,wti,332,6.260072057922398,4.906665414295617,0.5210843373493976,-0.3031740608005035,6.251568535843959,-0.0013602221633950418
development,20,financial_direct_sparse,brent,332,0.08277674464752463,0.06362352752166565,0.5632530120481928,-0.06564300985217127,0.08270690560786752,-0.0008444160634932807
development,20,financial_direct_sparse,henry_hub,332,0.40282953726108717,0.24704032500221043,0.46987951807228917,0.1066900128315892,0.4031077858950495,0.0006902586447058434
development,20,full_direct_sparse,audusd,332,0.02783079621956744,0.023434319717277757,0.4367469879518072,-0.1482605069616274,0.022297811947384383,-0.24814023390452422
development,20,full_direct_sparse,brlusd,332,0.03666586253157459,0.03038696501944006,0.2921686746987952,-0.10127328590325645,0.030959316024481508,-0.1843240497490497
development,20,full_direct_sparse,cnyusd,332,0.012989739416459754,0.011215516456179487,0.39457831325301207,-0.30714816578789744,0.009394400924701814,-0.38271077853450874
development,20,full_direct_sparse,krwusd,332,0.02355881655847937,0.0186035333236402,0.45481927710843373,-0.12966618327892684,0.02158531004504082,-0.09142822175454257
development,20,full_direct_sparse,eurusd,332,0.021638237831630835,0.0171637031970955,0.4397590361445783,-0.2605321962488883,0.01529114678105734,-0.4150827365306744
development,20,full_direct_sparse,sp500,332,0.041060466164784974,0.03343113174866651,0.641566265060241,-0.4689740194601684,0.03364839907067389,-0.22027993303761773
development,20,full_direct_sparse,vix,332,4.52102835576355,3.20621289209426,0.608433734939759,0.08721601392833638,4.1303361282711775,-0.09459090382939461
development,20,full_direct_sparse,us2y,332,0.3107316190749011,0.26049671267830554,0.3072289156626506,-0.5051574011736363,0.2960545733257032,-0.049575473819994054
development,20,full_direct_sparse,us10y,332,0.3224196212641355,0.2640705452585072,0.4789156626506024,-0.18164169469888117,0.3116717606337749,-0.034484550696877836
development,20,full_direct_sparse,wti,332,6.816821752496658,5.385793740854226,0.45180722891566266,-0.29965688023201653,6.251568535843959,-0.0904178228890502
development,20,full_direct_sparse,brent,332,0.09736235175363875,0.0742188266961256,0.572289156626506,-0.0966001152944838,0.08270690560786752,-0.17719736989382806
development,20,full_direct_sparse,henry_hub,332,0.43883712291295784,0.2660461551830036,0.463855421686747,-0.25934263945742486,0.4031077858950495,-0.08863469838116855
development,20,survival_refit_full,audusd,332,0.024935983704938897,0.020538306370592816,0.5,-0.07327420858847025,0.022297811947384383,-0.11831527522878682
development,20,survival_refit_full,brlusd,332,0.035163995098798514,0.027890901911463994,0.4006024096385542,-0.07118769081834701,0.030959316024481508,-0.13581304803349337
development,20,survival_refit_full,cnyusd,332,0.010648043372161116,0.007792755811447428,0.6325301204819277,-0.027632412230815095,0.009394400924701814,-0.13344570425592028
development,20,survival_refit_full,krwusd,332,0.022449454397255014,0.017304893894722857,0.5060240963855421,-0.03879683831310092,0.02158531004504082,-0.04003390965480835
development,20,survival_refit_full,eurusd,332,0.02014750369698119,0.015829274337195533,0.4066265060240964,-0.2571490348613132,0.01529114678105734,-0.3175927211646348
development,20,survival_refit_full,sp500,332,0.04031556197842423,0.03339780345237088,0.6355421686746988,-0.41811119762452664,0.03364839907067389,-0.19814205406167673
development,20,survival_refit_full,vix,332,4.4305596716087745,3.0804735438427513,0.5783132530120482,0.14181734393811016,4.1303361282711775,-0.07268743608604589
development,20,survival_refit_full,us2y,332,0.3059306805950824,0.25849718251171844,0.3493975903614458,-0.3089858662072503,0.2960545733257032,-0.03335907687031092
development,20,survival_refit_full,us10y,332,0.3212320303622781,0.2624764568293986,0.45481927710843373,-0.17692352154996327,0.3116717606337749,-0.03067416088343289
development,20,survival_refit_full,wti,332,7.132548374870174,5.757792361131258,0.4186746987951807,-0.36040852296519066,6.251568535843959,-0.14092140779950402
development,20,survival_refit_full,brent,332,0.09044521692330115,0.06934681768814843,0.5030120481927711,-0.1601442105423287,0.08270690560786752,-0.09356306173661899
development,20,survival_refit_full,henry_hub,332,0.45000647264610116,0.2815847169543965,0.4367469879518072,-0.16524431924528504,0.4031077858950495,-0.11634279562950911
reused_holdout,20,ar,audusd,358,0.020570375540655793,0.016501152684091108,0.5586592178770949,0.04231368810181997,0.020570375540655793,0.0
reused_holdout,20,ar,brlusd,358,0.025766041199798233,0.021181028929220084,0.5195530726256983,0.13838995440652913,0.025766041199798233,0.0
reused_holdout,20,ar,cnyusd,358,0.005970309374068362,0.004729374632358697,0.6396648044692738,-0.18072657183312704,0.005970309374068362,0.0
reused_holdout,20,ar,krwusd,358,0.02515752505604679,0.019679961609826623,0.5502793296089385,-0.2593456668128789,0.02515752505604679,0.0
reused_holdout,20,ar,eurusd,358,0.01928537525647917,0.01520106474203598,0.5139664804469274,-0.38133355493042354,0.01928537525647917,0.0
reused_holdout,20,ar,sp500,358,0.04370725302963018,0.033080864410950726,0.6396648044692738,-0.07302074200035127,0.04370725302963018,0.0
reused_holdout,20,ar,vix,358,6.194578951574383,4.20006769247367,0.5418994413407822,0.27376561379605463,6.194578951574383,0.0
reused_holdout,20,ar,us2y,358,0.19019444006302477,0.15753494339900986,0.46368715083798884,-0.38753838900531057,0.19019444006302477,0.0
reused_holdout,20,ar,us10y,358,0.17779014005594154,0.14204575112195153,0.4972067039106145,-0.44723538288954356,0.17779014005594154,0.0
reused_holdout,20,ar,wti,358,10.458955378964363,7.24268668352801,0.41899441340782123,-0.11716860200807439,10.458955378964363,0.0
reused_holdout,20,ar,brent,358,0.14488414038700434,0.10397107263521316,0.4720670391061452,-0.18381437983767784,0.14488414038700434,0.0
reused_holdout,20,ar,henry_hub,358,0.3351281964427567,0.2106852271337334,0.5027932960893855,0.34635417159516896,0.3351281964427567,0.0
reused_holdout,20,financial_direct_sparse,audusd,358,0.020510779503950714,0.016308942113381773,0.5782122905027933,0.04449885184070734,0.020570375540655793,0.0028971778656783354
reused_holdout,20,financial_direct_sparse,brlusd,358,0.025842409966957882,0.02123186293728622,0.5391061452513967,0.10017000778760635,0.025766041199798233,-0.002963930957319283
reused_holdout,20,financial_direct_sparse,cnyusd,358,0.005887195978658283,0.004730619708265672,0.61731843575419,-0.07371360913953294,0.005970309374068362,0.013921120364562056
reused_holdout,20,financial_direct_sparse,krwusd,358,0.024948503398210826,0.01952312957572294,0.5837988826815642,0.009697453870675513,0.02515752505604679,0.008308514345918283
reused_holdout,20,financial_direct_sparse,eurusd,358,0.019286941295675226,0.01516469489057128,0.5223463687150838,-0.3850800399338439,0.01928537525647917,-8.120345988738009e-05
reused_holdout,20,financial_direct_sparse,sp500,358,0.04383397603651788,0.03299938505140584,0.6396648044692738,-0.10267174590304734,0.04370725302963018,-0.0028993587586434444
reused_holdout,20,financial_direct_sparse,vix,358,6.26420528268655,4.20022255848339,0.5586592178770949,0.2386996561623409,6.194578951574383,-0.011239881137437457
reused_holdout,20,financial_direct_sparse,us2y,358,0.19052049127607742,0.15787360805092215,0.46368715083798884,-0.40411924372137625,0.19019444006302477,-0.0017143046502547943
reused_holdout,20,financial_direct_sparse,us10y,358,0.17687489124324948,0.14110403007027447,0.4972067039106145,-0.27740507849773544,0.17779014005594154,0.005147916596522584
reused_holdout,20,financial_direct_sparse,wti,358,10.45337374580429,7.249435728595053,0.43575418994413406,-0.31325750286345666,10.458955378964363,0.0005336702335779764
reused_holdout,20,financial_direct_sparse,brent,358,0.1458524469844678,0.10429448431125862,0.4776536312849162,-0.024840050503853715,0.14488414038700434,-0.006683316716909138
reused_holdout,20,financial_direct_sparse,henry_hub,358,0.3424188904405093,0.2098667195188012,0.4664804469273743,0.31708924113582826,0.3351281964427567,-0.02175494057241445
reused_holdout,20,full_direct_sparse,audusd,358,0.021452607958482427,0.01725394054829494,0.5586592178770949,0.01735571711816216,0.020570375540655793,-0.042888493507712955
reused_holdout,20,full_direct_sparse,brlusd,358,0.026246990010010136,0.02128624203862261,0.553072625698324,-0.023548985470340407,0.025766041199798233,-0.018665995543609926
reused_holdout,20,full_direct_sparse,cnyusd,358,0.006532295558175035,0.005205561234465708,0.5754189944134078,0.10126167977517332,0.005970309374068362,-0.0941301612522163
reused_holdout,20,full_direct_sparse,krwusd,358,0.025310982456179392,0.020013591750368546,0.5670391061452514,-0.06689888427207775,0.02515752505604679,-0.0060998607689239925
reused_holdout,20,full_direct_sparse,eurusd,358,0.020450720263959783,0.016162010824863154,0.441340782122905,-0.32265702179327044,0.01928537525647917,-0.06042635893688919
reused_holdout,20,full_direct_sparse,sp500,358,0.043759899978095894,0.03378364669947368,0.5698324022346368,0.10786231415505038,0.04370725302963018,-0.0012045357421575087
reused_holdout,20,full_direct_sparse,vix,358,6.297549458083687,4.254701334170226,0.5502793296089385,0.20981369234844585,6.194578951574383,-0.016622680462105244
reused_holdout,20,full_direct_sparse,us2y,358,0.22108329373072055,0.18611272846426982,0.36033519553072624,-0.23115690452701873,0.19019444006302477,-0.16240671208611634
reused_holdout,20,full_direct_sparse,us10y,358,0.19629817537569325,0.16020776391317382,0.4553072625698324,-0.1361278541873842,0.17779014005594154,-0.10410045975512561
reused_holdout,20,full_direct_sparse,wti,358,10.56644085691276,7.561091018112315,0.4748603351955307,0.021860388312155313,10.458955378964363,-0.010276884646106987
reused_holdout,20,full_direct_sparse,brent,358,0.1430288456705901,0.10340176265202743,0.5195530726256983,0.14464521942859865,0.14488414038700434,0.012805367871586926
reused_holdout,20,full_direct_sparse,henry_hub,358,0.3537538034998596,0.2174999200649748,0.4860335195530726,0.10793984678448519,0.3351281964427567,-0.05557755884108162
reused_holdout,20,survival_refit_full,audusd,358,0.020199917336378458,0.01633545841097266,0.5782122905027933,0.2604835047730803,0.020570375540655793,0.018009306808480563
reused_holdout,20,survival_refit_full,brlusd,358,0.025442508031004594,0.02118678901042744,0.5893854748603352,0.1510108315531193,0.025766041199798233,0.012556572671946764
reused_holdout,20,survival_refit_full,cnyusd,358,0.005791114818686506,0.004589052068887486,0.6871508379888268,-0.12151716195373781,0.005970309374068362,0.030014283038694134
reused_holdout,20,survival_refit_full,krwusd,358,0.025084508847967257,0.019692951609296655,0.5614525139664804,0.04219263299022386,0.02515752505604679,0.0029023605428937227
reused_holdout,20,survival_refit_full,eurusd,358,0.019783877236295544,0.015801560780694855,0.4748603351955307,-0.3073459233540907,0.01928537525647917,-0.025848705207273337
reused_holdout,20,survival_refit_full,sp500,358,0.04742504566153245,0.03670741418100526,0.6033519553072626,-0.22917610402376978,0.04370725302963018,-0.08506122838197805
reused_holdout,20,survival_refit_full,vix,358,6.32762012386309,4.334222398629055,0.5614525139664804,0.21125263593188456,6.194578951574383,-0.02147703230982212
reused_holdout,20,survival_refit_full,us2y,358,0.21142299633718206,0.17503133625762798,0.4720670391061452,-0.005590247456617265,0.19019444006302477,-0.11161502022415992
reused_holdout,20,survival_refit_full,us10y,358,0.18955888551522485,0.15262095668018133,0.43854748603351956,-0.29378433364798406,0.17779014005594154,-0.06619459018132434
reused_holdout,20,survival_refit_full,wti,358,10.690002134753561,7.539026120759661,0.45251396648044695,-0.12383659300739609,10.458955378964363,-0.02209080614818304
reused_holdout,20,survival_refit_full,brent,358,0.14824899150391377,0.10927297574080168,0.5083798882681564,-0.016585582315249654,0.14488414038700434,-0.02322442682768089
reused_holdout,20,survival_refit_full,henry_hub,358,0.352478759746839,0.22444149113243347,0.4581005586592179,0.1629519632131411,0.3351281964427567,-0.051772914031857464
